id,name,description,price,stock,image_source_name,image_source_url,image_title,image_file_name,created_at,updated_at
6f133b3a4abe4c809deb116b8d,Craft Sawhorse,High-quality craft sawhorse suitable for steel work. Professional grade tool for both DIY enthusiasts and professionals.,453.55,22,Google Custom Search,https://learn.kregtool.com/content/uploads/2021/03/Craft-Desk-4.png,Craft Sawhorse,6f133b3a4abe4c809deb116b8d.jpg,2025-07-21T03:53:10.910Z,2025-07-21T03:53:10.917Z
656e0819958c4e2a90633c6cb4,ProMax Lawn Mower,High-quality promax lawn mower suitable for gold work. Professional grade tool for both DIY enthusiasts and professionals.,471.79,22,Google Custom Search,https://m.media-amazon.com/images/I/81qeugUyj6L.jpg,ProMax Lawn Mower,656e0819958c4e2a90633c6cb4.jpg,2025-07-21T03:53:10.917Z,2025-07-21T03:53:10.917Z
246dcde965364e4ba119d242d5,Xtreme Nail Gun,High-quality xtreme nail gun suitable for steel work. Professional grade tool for both DIY enthusiasts and professionals.,413.89,59,Google Custom Search,https://images.thdstatic.com/productImages/bf523bac-7b64-488d-b301-4577013c3500/svn/xtremepowerus-roofing-nailers-44431-c3_600.jpg,Xtreme Nail Gun,246dcde965364e4ba119d242d5.jpg,2025-07-21T03:53:10.917Z,2025-07-21T03:53:10.917Z
e8c0ca4d8ef1417d95825d097b,ProMax Work Light,High-quality promax work light suitable for ceramic work. Professional grade tool for both DIY enthusiasts and professionals.,551.9,5,Google Custom Search,https://www.wellbots.com/cdn/shop/products/6-csbm6l.jpg_50q_800x.webp?v=1678291253,ProMax Work Light,e8c0ca4d8ef1417d95825d097b.jpg,2025-07-21T03:53:10.918Z,2025-07-21T03:53:10.918Z
af1966f13f024682908d8ba22c,Ultra Chain Saw,High-quality ultra chain saw suitable for marble work. Professional grade tool for both DIY enthusiasts and professionals.,837.95,78,Google Custom Search,https://i.ebayimg.com/images/g/9mIAAOSwxCxT2Wuw/s-l1200.jpg,Ultra Chain Saw,af1966f13f024682908d8ba22c.jpg,2025-07-21T03:53:10.918Z,2025-07-21T03:53:10.918Z
0f6c55c552314edd87002dd63e,HeavyDuty Wire Cutter,High-quality heavyduty wire cutter suitable for marble work. Professional grade tool for both DIY enthusiasts and professionals.,550.75,88,Google Custom Search,https://www.vcelink.com/cdn/shop/products/GJ712_54fa284a-8f5e-4d8a-8555-f73c620ae4e0.jpg?v=1661501646&width=1600,HeavyDuty Wire Cutter,0f6c55c552314edd87002dd63e.jpg,2025-07-21T03:53:10.918Z,2025-07-21T03:53:10.918Z
73029f303cb447ac9220f94c81,Max Rotary Tool,High-quality max rotary tool suitable for silk work. Professional grade tool for both DIY enthusiasts and professionals.,733.59,44,Google Custom Search,"https://m.media-amazon.com/images/I/31dXRjODweL._UF894,1000_QL80_.jpg",Max Rotary Tool,73029f303cb447ac9220f94c81.jpg,2025-07-21T03:53:10.918Z,2025-07-21T03:53:10.918Z
ab72bddc47aa4a2da1aba8d922,Titan Joiner,High-quality titan joiner suitable for gold work. Professional grade tool for both DIY enthusiasts and professionals.,105.4,89,Google Custom Search,https://cdn.shopify.com/s/files/1/0598/3656/3665/files/titanav-packers-hardware_600x600.jpg?v=1679625000,Titan Joiner,ab72bddc47aa4a2da1aba8d922.jpg,2025-07-21T03:53:10.918Z,2025-07-21T03:53:10.918Z
ed0f465f29f94c9eaaf1229113,ProMax Jack Stand,High-quality promax jack stand suitable for aluminum work. Professional grade tool for both DIY enthusiasts and professionals.,473.55,3,Google Custom Search,https://ae01.alicdn.com/kf/S76588c0a866d4aa2b40f21f04e32db6bh.jpg,ProMax Jack Stand,ed0f465f29f94c9eaaf1229113.jpg,2025-07-21T03:53:10.918Z,2025-07-21T03:53:10.918Z
0c2d7c3dac1e4e58b7ac78dd73,Xtreme Hammer,High-quality xtreme hammer suitable for steel work. Professional grade tool for both DIY enthusiasts and professionals.,366.89,25,Google Custom Search,https://www.toolacademy.com/wp-content/uploads/2021/11/11255VSR.png,Xtreme Hammer,0c2d7c3dac1e4e58b7ac78dd73.jpg,2025-07-21T03:53:10.918Z,2025-07-21T03:53:10.918Z
997207e5a7be44da935e89695b,Power Air Compressor,High-quality power air compressor suitable for steel work. Professional grade tool for both DIY enthusiasts and professionals.,664.49,88,Google Custom Search,https://i.ytimg.com/vi/D5EvLuIWalI/sddefault.jpg,Power Air Compressor,997207e5a7be44da935e89695b.jpg,2025-07-21T03:53:10.919Z,2025-07-21T03:53:10.919Z
4d234ea2b49f431fa1ef93e880,Ultra Battery Charger,High-quality ultra battery charger suitable for gold work. Professional grade tool for both DIY enthusiasts and professionals.,480.89,93,Google Custom Search,https://i5.walmartimages.com/seo/Ultra-Steel-Power-Tool_6697aa04-6e7b-4193-bed7-f96a0558650c.fbb5fcc02ebd0f26baf1a8918aa8edfc.jpeg?odnHeight=768&odnWidth=768&odnBg=FFFFFF,Ultra Battery Charger,4d234ea2b49f431fa1ef93e880.jpg,2025-07-21T03:53:10.919Z,2025-07-21T03:53:10.919Z
1e3305772fa6404dad147d7527,HeavyDuty Soldering Iron,High-quality heavyduty soldering iron suitable for bronze work. Professional grade tool for both DIY enthusiasts and professionals.,843.69,99,Google Custom Search,"https://m.media-amazon.com/images/I/31pP6Mp1MvS._UF894,1000_QL80_.jpg",HeavyDuty Soldering Iron,1e3305772fa6404dad147d7527.jpg,2025-07-21T03:53:10.919Z,2025-07-21T03:53:10.919Z
8559468e3c3d466994421dcf0e,Xtreme Hex Bit Set,High-quality xtreme hex bit set suitable for ceramic work. Professional grade tool for both DIY enthusiasts and professionals.,249.65,77,Google Custom Search,https://images.thdstatic.com/productImages/4ed97678-dcff-4288-bc7b-ea2e17dd9e5d/svn/xtremepowerus-socket-sets-33503-64_600.jpg,Xtreme Hex Bit Set,8559468e3c3d466994421dcf0e.jpg,2025-07-21T03:53:10.919Z,2025-07-21T03:53:10.919Z
2f101ef5ff6a414094f725a703,Craft Soldering Iron,High-quality craft soldering iron suitable for concrete work. Professional grade tool for both DIY enthusiasts and professionals.,916.29,37,Google Custom Search,https://m.media-amazon.com/images/I/51F+QcC3ySL.jpg,Craft Soldering Iron,2f101ef5ff6a414094f725a703.jpg,2025-07-21T03:53:10.919Z,2025-07-21T03:53:10.919Z
dcdcf9c941784e2293f68df293,Xtreme Work Bench,High-quality xtreme work bench suitable for wooden work. Professional grade tool for both DIY enthusiasts and professionals.,437.39,73,Google Custom Search,https://extremetools.com/wp-content/uploads/2021/02/EX7201HCQBLBK-shown-with-EX7217RCQBLBK-Combo.jpg,Xtreme Work Bench,dcdcf9c941784e2293f68df293.jpg,2025-07-21T03:53:10.919Z,2025-07-21T03:53:10.919Z
22d5247c18074c86b8403fec09,Master Portable Generator,High-quality master portable generator suitable for ceramic work. Professional grade tool for both DIY enthusiasts and professionals.,133.49,45,Google Custom Search,https://tomahawk-power.com/cdn/shop/files/TG7000H_5_800x.jpg?v=1740499868,Master Portable Generator,22d5247c18074c86b8403fec09.jpg,2025-07-21T03:53:10.919Z,2025-07-21T03:53:10.919Z
fb912b51e0534313be2cdaf110,Power Ratchet,High-quality power ratchet suitable for steel work. Professional grade tool for both DIY enthusiasts and professionals.,545.79,57,Google Custom Search,https://m.media-amazon.com/images/I/714yQvT3P6L.jpg,Power Ratchet,fb912b51e0534313be2cdaf110.jpg,2025-07-21T03:53:10.919Z,2025-07-21T03:53:10.919Z
e60a64e5c0e74cf2932eec4ee0,Eagle Jigsaw,High-quality eagle jigsaw suitable for metal work. Professional grade tool for both DIY enthusiasts and professionals.,898.65,95,Google Custom Search,"https://static.wixstatic.com/media/5e335a_744ef68ae3444d5cb18d39863eaf1919~mv2.png/v1/fit/w_500,h_500,q_90/file.png",Eagle Jigsaw,e60a64e5c0e74cf2932eec4ee0.jpg,2025-07-21T03:53:10.919Z,2025-07-21T03:53:10.919Z
cba4a121a0eb49d9bd0e247ed5,Titan Cut-Off Tool,High-quality titan cut-off tool suitable for steel work. Professional grade tool for both DIY enthusiasts and professionals.,449.95,89,Google Custom Search,https://i5.walmartimages.com/seo/Goodyear-Utility-Cut-off-Tool-Pneumatic-Air-Tool-Ergonomically-Designed-1-Piece-per-Box_664c17fe-c0b6-4ddb-9e56-f90f2661112d.14bc213c8c134b180bea1e5fed6c1363.jpeg?odnHeight=768&odnWidth=768&odnBg=FFFFFF,Titan Cut-Off Tool,cba4a121a0eb49d9bd0e247ed5.jpg,2025-07-21T03:53:10.919Z,2025-07-21T03:53:10.919Z
2c6f1c2096214d0aac380f5996,Craft Impact Driver,High-quality craft impact driver suitable for silk work. Professional grade tool for both DIY enthusiasts and professionals.,794.39,42,Google Custom Search,https://i.ytimg.com/vi/EYQqUHxpuDM/hq720.jpg?sqp=-oaymwEhCK4FEIIDSFryq4qpAxMIARUAAAAAGAElAADIQj0AgKJD&rs=AOn4CLCvce92Ti1aydw4C93dPtphBejy-g,Craft Impact Driver,2c6f1c2096214d0aac380f5996.jpg,2025-07-21T03:53:10.919Z,2025-07-21T03:53:10.919Z
234ae96ce44840808c324500c8,Rapid Paint Sprayer,High-quality rapid paint sprayer suitable for cotton work. Professional grade tool for both DIY enthusiasts and professionals.,844.59,7,Google Custom Search,"https://m.media-amazon.com/images/I/51NC2dT9MQL._UF894,1000_QL80_.jpg",Rapid Paint Sprayer,234ae96ce44840808c324500c8.jpg,2025-07-21T03:53:10.919Z,2025-07-21T03:53:10.919Z
3321ad83a0cd49ba8c1cbcba5c,ProMax Chisel Set,High-quality promax chisel set suitable for gold work. Professional grade tool for both DIY enthusiasts and professionals.,968.04,41,Google Custom Search,https://toolboxes4you.co.uk/wp-content/uploads/2025/04/toolboxes-tools-SG32-24-Pro-Max-Flyer.jpg,ProMax Chisel Set,3321ad83a0cd49ba8c1cbcba5c.jpg,2025-07-21T03:53:10.919Z,2025-07-21T03:53:10.919Z
0517b3faebbe4c0aa6367fe345,Ultra Welding Machine,High-quality ultra welding machine suitable for cotton work. Professional grade tool for both DIY enthusiasts and professionals.,209.69,85,Google Custom Search,https://www.pfaff-industrial.com/en/portfolio/welding-machines/ultrasonic-sealing-machines/pfaff-8310-042-sontrode-unten/8310_armabwaerts_041_002_sus.jpg/@@images/image-1200-c0dd553633800d8548b590765f6bbd6e.jpeg,Ultra Welding Machine,0517b3faebbe4c0aa6367fe345.jpg,2025-07-21T03:53:10.919Z,2025-07-21T03:53:10.919Z
d87791bf585c4013bd43012405,Max Lawn Mower,High-quality max lawn mower suitable for granite work. Professional grade tool for both DIY enthusiasts and professionals.,295.8,100,Google Custom Search,https://images.thdstatic.com/productImages/c845277d-b8ce-4f19-b18d-f365490c9b81/svn/makita-electric-self-propelled-lawn-mowers-gml01z-64_600.jpg,Max Lawn Mower,d87791bf585c4013bd43012405.jpg,2025-07-21T03:53:10.919Z,2025-07-21T03:53:10.919Z
c29ddab920a14e5c9ec8fb16c2,Master Heat Gun,High-quality master heat gun suitable for metal work. Professional grade tool for both DIY enthusiasts and professionals.,581.59,78,Google Custom Search,https://cdn11.bigcommerce.com/s-8hb9g2i/images/stencil/1280x1280/products/1431/3105/Master-Mite_H_shrink_Attachment_12_wide_1__40348.1620759787.jpg?c=2,Master Heat Gun,c29ddab920a14e5c9ec8fb16c2.jpg,2025-07-21T03:53:10.919Z,2025-07-21T03:53:10.919Z
ece69e6a655c4a0ebada41b2eb,ProMax Ratchet,High-quality promax ratchet suitable for plastic work. Professional grade tool for both DIY enthusiasts and professionals.,805.9,7,Google Custom Search,https://cdn11.bigcommerce.com/s-f4083/images/stencil/1280x1280/products/186043/296686/ca492e52-71ff-4dc8-9f50-f9f841879402__47719.1694447901.jpg?c=2,ProMax Ratchet,ece69e6a655c4a0ebada41b2eb.jpg,2025-07-21T03:53:10.919Z,2025-07-21T03:53:10.919Z
1b43780931c849128f86ba045d,Master Air Compressor,High-quality master air compressor suitable for cotton work. Professional grade tool for both DIY enthusiasts and professionals.,13.69,38,Google Custom Search,https://cdn11.bigcommerce.com/s-mtbw6a63iq/images/stencil/1280x1280/products/247800/40776/c3TplTZOV8V9VqYg4YMw4xiUbPV88n-metaMTUwMTAxMDIwMTVfZWRpdC5wbmc%3D-__92392.1751294842.png?c=1,Master Air Compressor,1b43780931c849128f86ba045d.jpg,2025-07-21T03:53:10.919Z,2025-07-21T03:53:10.919Z
9281659ea74c484cb1d24afbb3,Titan Tile Cutter,High-quality titan tile cutter suitable for steel work. Professional grade tool for both DIY enthusiasts and professionals.,949.29,96,Google Custom Search,https://lookaside.fbsbx.com/lookaside/crawler/media/?media_id=636236328955588,Titan Tile Cutter,9281659ea74c484cb1d24afbb3.jpg,2025-07-21T03:53:10.919Z,2025-07-21T03:53:10.919Z
50500bde07cc45849498354d87,ProMax Leaf Blower,High-quality promax leaf blower suitable for metal work. Professional grade tool for both DIY enthusiasts and professionals.,138.79,71,Google Custom Search,https://img.kwcdn.com/product/fancy/80f17e0e-a7cb-46cb-8513-452ae16709a4.jpg?imageMogr2/auto-orient%7CimageView2/2/w/800/q/70/format/webp,ProMax Leaf Blower,50500bde07cc45849498354d87.jpg,2025-07-21T03:53:10.919Z,2025-07-21T03:53:10.919Z
abbddcc6f25d4e08b981b9fb33,Prime Belt Sander,High-quality prime belt sander suitable for concrete work. Professional grade tool for both DIY enthusiasts and professionals.,957.15,65,Google Custom Search,"https://m.media-amazon.com/images/I/71ziapcX1lL._UF894,1000_QL80_.jpg",Prime Belt Sander,abbddcc6f25d4e08b981b9fb33.jpg,2025-07-21T03:53:10.919Z,2025-07-21T03:53:10.919Z
5ff935281f014d9c9477f474c1,Max Stud Finder,High-quality max stud finder suitable for gold work. Professional grade tool for both DIY enthusiasts and professionals.,521.35,25,Google Custom Search,"https://m.media-amazon.com/images/I/81HxpNjE85L._UF894,1000_QL80_.jpg",Max Stud Finder,5ff935281f014d9c9477f474c1.jpg,2025-07-21T03:53:10.919Z,2025-07-21T03:53:10.919Z
3e694f583ce14428a236580628,Precision Torque Wrench,High-quality precision torque wrench suitable for bamboo work. Professional grade tool for both DIY enthusiasts and professionals.,188.75,80,Google Custom Search,https://www.mactools.com/cdn/shop/products/PTComboWrench.jpg?v=1633838148,Precision Torque Wrench,3e694f583ce14428a236580628.jpg,2025-07-21T03:53:10.919Z,2025-07-21T03:53:10.919Z
44f0e2554f3947ff8ac4a6b75a,Mega Drywall Screw Gun,High-quality mega drywall screw gun suitable for rubber work. Professional grade tool for both DIY enthusiasts and professionals.,304.83,43,Google Custom Search,https://images.homedepot.ca/productimages/p_1001757851.jpg?product-images=l,Mega Drywall Screw Gun,44f0e2554f3947ff8ac4a6b75a.jpg,2025-07-21T03:53:10.919Z,2025-07-21T03:53:10.919Z
6c9b83166f0f4d03a24addbbb1,Precision Battery Charger,High-quality precision battery charger suitable for bronze work. Professional grade tool for both DIY enthusiasts and professionals.,865.55,34,Google Custom Search,https://u-mercari-images.mercdn.net/photos/m52947116107_1.jpg,Precision Battery Charger,6c9b83166f0f4d03a24addbbb1.jpg,2025-07-21T03:53:10.919Z,2025-07-21T03:53:10.919Z
402488f8c638459fb662ddf731,Master Work Bench,High-quality master work bench suitable for marble work. Professional grade tool for both DIY enthusiasts and professionals.,804.75,45,Google Custom Search,https://images.thdstatic.com/productImages/875c3ed9-de24-449f-a8ce-1d0e132dc272/svn/gray-pegboard-with-black-accessories-wall-control-pegboards-30wrk800gb-64_600.jpg,Master Work Bench,402488f8c638459fb662ddf731.jpg,2025-07-21T03:53:10.919Z,2025-07-21T03:53:10.919Z
edcd6a5bf8a14a99a0273b7125,Craft Planer,High-quality craft planer suitable for cotton work. Professional grade tool for both DIY enthusiasts and professionals.,10.39,54,Google Custom Search,"https://m.media-amazon.com/images/I/61q7x8PgGgL._UF894,1000_QL80_.jpg",Craft Planer,edcd6a5bf8a14a99a0273b7125.jpg,2025-07-21T03:53:10.919Z,2025-07-21T03:53:10.919Z
b9c61ce46bbc4cfebcde8d7ede,Turbo Angle Finder,High-quality turbo angle finder suitable for steel work. Professional grade tool for both DIY enthusiasts and professionals.,27.45,32,Google Custom Search,"https://m.media-amazon.com/images/I/51RTMOPLPgL._UF894,1000_QL80_.jpg",Turbo Angle Finder,b9c61ce46bbc4cfebcde8d7ede.jpg,2025-07-21T03:53:10.919Z,2025-07-21T03:53:10.919Z
014e3d6dc374442ca212763862,Ultra Torque Wrench,High-quality ultra torque wrench suitable for bronze work. Professional grade tool for both DIY enthusiasts and professionals.,846.25,69,Google Custom Search,https://images.harborfreight.com/media/brand/hercules/pdp-product-highlights/sku-58887/58887-product-features.jpg,Ultra Torque Wrench,014e3d6dc374442ca212763862.jpg,2025-07-21T03:53:10.919Z,2025-07-21T03:53:10.919Z
1d9cf4f437d5486882ce7d9bc1,ProMax Wire Cutter,High-quality promax wire cutter suitable for bamboo work. Professional grade tool for both DIY enthusiasts and professionals.,978.25,45,Google Custom Search,"https://m.media-amazon.com/images/I/61vdsPMBOwL._UF1000,1000_QL80_.jpg",ProMax Wire Cutter,1d9cf4f437d5486882ce7d9bc1.jpg,2025-07-21T03:53:10.919Z,2025-07-21T03:53:10.919Z
33c2bee2b6d045329837ca6deb,Prime Tool Box,High-quality prime tool box suitable for gold work. Professional grade tool for both DIY enthusiasts and professionals.,332.79,30,Google Custom Search,"https://m.media-amazon.com/images/I/51D2gjOBtkL._UF1000,1000_QL80_.jpg",Prime Tool Box,33c2bee2b6d045329837ca6deb.jpg,2025-07-21T03:53:10.919Z,2025-07-21T03:53:10.919Z
953928860cc045d4abca0eae75,Power Wrench Set,High-quality power wrench set suitable for aluminum work. Professional grade tool for both DIY enthusiasts and professionals.,192.95,94,Google Custom Search,https://www.metabo.com/com/out/pictures/master/product/1/dssw-360-set-1-2-0411800s_51.jpg,Power Wrench Set,953928860cc045d4abca0eae75.jpg,2025-07-21T03:53:10.919Z,2025-07-21T03:53:10.919Z
52c50e33d69a4a90b74c31355a,HeavyDuty Lawn Mower,High-quality heavyduty lawn mower suitable for rubber work. Professional grade tool for both DIY enthusiasts and professionals.,829.89,59,Placeholder,https://via.placeholder.com/800x600?text=HeavyDuty%20,HeavyDuty Lawn Mower,52c50e33d69a4a90b74c31355a.jpg,2025-07-21T03:53:10.919Z,2025-07-21T03:53:10.919Z
c1bd8f4a39c5481484496d1054,Master Concrete Mixer,High-quality master concrete mixer suitable for bamboo work. Professional grade tool for both DIY enthusiasts and professionals.,463.59,93,Google Custom Search,https://images.thdstatic.com/productImages/9b118eef-6101-4f4d-b1e3-70fe9953d4b5/svn/concrete-mixers-00000000077777f-64_600.jpg,Master Concrete Mixer,c1bd8f4a39c5481484496d1054.jpg,2025-07-21T03:53:10.919Z,2025-07-21T03:53:10.919Z
164fc1612d124facb2b624b78b,Prime Tool Belt,High-quality prime tool belt suitable for metal work. Professional grade tool for both DIY enthusiasts and professionals.,622.09,79,Google Custom Search,https://m.media-amazon.com/images/I/71OWoh+TgEL.jpg,Prime Tool Belt,164fc1612d124facb2b624b78b.jpg,2025-07-21T03:53:10.919Z,2025-07-21T03:53:10.919Z
25ab867c392343ddb567be9810,Ultra Reciprocating Saw,High-quality ultra reciprocating saw suitable for gold work. Professional grade tool for both DIY enthusiasts and professionals.,599.25,,Google Custom Search,https://images.thdstatic.com/productImages/35b85932-d14b-4407-917c-e1d7759c9851/svn/milwaukee-reciprocating-saws-2722-20-d4_600.jpg,Ultra Reciprocating Saw,25ab867c392343ddb567be9810.jpg,2025-07-21T03:53:10.919Z,2025-07-21T03:53:10.919Z
84ed8def04c84ccba2c50a1c33,Turbo Respirator,High-quality turbo respirator suitable for bronze work. Professional grade tool for both DIY enthusiasts and professionals.,246.99,27,Google Custom Search,"https://www.harborfreight.com/media/catalog/product/cache/c7f358f04aec81e7c5e0be4c56edf041/5/7/57947_W3.jpg?auto=webp&width=750&height=750&canvas=750,750&fit=bounds",Turbo Respirator,84ed8def04c84ccba2c50a1c33.jpg,2025-07-21T03:53:10.920Z,2025-07-21T03:53:10.920Z
d3a04fe1ecdb48da8fe2964775,Master Joiner,High-quality master joiner suitable for concrete work. Professional grade tool for both DIY enthusiasts and professionals.,990.15,32,Google Custom Search,https://cdn11.bigcommerce.com/s-9t4wk8/images/stencil/2000x2000/products/32810/80459/55010_Master-Set_Joiner_Hero_Solo_MASTER_flat__75733.1730470945.jpg?c=4,Master Joiner,d3a04fe1ecdb48da8fe2964775.jpg,2025-07-21T03:53:10.920Z,2025-07-21T03:53:10.920Z
33b7b1e91cd64cfdb6ffbdc6bf,Power Post Hole Digger,High-quality power post hole digger suitable for metal work. Professional grade tool for both DIY enthusiasts and professionals.,68.05,62,Google Custom Search,https://www.tooltuffdirect.com/cdn/shop/products/AUGH143_DIGGER-1_4de99c92-6882-44d2-a1fc-a13505ad1d57.jpg?v=1504281293,Power Post Hole Digger,33b7b1e91cd64cfdb6ffbdc6bf.jpg,2025-07-21T03:53:10.920Z,2025-07-21T03:53:10.920Z
f9c703172f6e4917abc7dbb76b,Titan Circular Saw,High-quality titan circular saw suitable for wooden work. Professional grade tool for both DIY enthusiasts and professionals.,145.4,7,Google Custom Search,"https://m.media-amazon.com/images/I/71gNm6OVaWL._AC_UF350,350_QL80_.jpg",Titan Circular Saw,f9c703172f6e4917abc7dbb76b.jpg,2025-07-21T03:53:10.920Z,2025-07-21T03:53:10.920Z
03533d1f4b4b4335bdc8395ddb,Turbo Table Saw,High-quality turbo table saw suitable for ceramic work. Professional grade tool for both DIY enthusiasts and professionals.,730.69,39,Placeholder,https://via.placeholder.com/800x600?text=Turbo%20Tabl,Turbo Table Saw,03533d1f4b4b4335bdc8395ddb.jpg,2025-07-21T03:53:10.920Z,2025-07-21T03:53:10.920Z
818218f3bda746679d028ec0c1,Turbo Needle-Nose Pliers,High-quality turbo needle-nose pliers suitable for silk work. Professional grade tool for both DIY enthusiasts and professionals.,477.39,41,Placeholder,https://via.placeholder.com/800x600?text=Turbo%20Need,Turbo Needle-Nose Pliers,818218f3bda746679d028ec0c1.jpg,2025-07-21T03:53:10.920Z,2025-07-21T03:53:10.920Z
e705b11f0a324414920aa2ab2e,Mega Multimeter,High-quality mega multimeter suitable for ceramic work. Professional grade tool for both DIY enthusiasts and professionals.,593.49,17,Placeholder,https://via.placeholder.com/800x600?text=Mega%20Multi,Mega Multimeter,e705b11f0a324414920aa2ab2e.jpg,2025-07-21T03:53:10.920Z,2025-07-21T03:53:10.920Z
b99d83c3c7fd493ca9bc561b6b,Ultra Shop Vacuum,High-quality ultra shop vacuum suitable for steel work. Professional grade tool for both DIY enthusiasts and professionals.,863.99,38,Placeholder,https://via.placeholder.com/800x600?text=Ultra%20Shop,Ultra Shop Vacuum,b99d83c3c7fd493ca9bc561b6b.jpg,2025-07-21T03:53:10.920Z,2025-07-21T03:53:10.920Z
7a56215ac47145a9b338b691e7,Max Chisel Set,High-quality max chisel set suitable for marble work. Professional grade tool for both DIY enthusiasts and professionals.,727.09,12,Placeholder,https://via.placeholder.com/800x600?text=Max%20Chisel,Max Chisel Set,7a56215ac47145a9b338b691e7.jpg,2025-07-21T03:53:10.920Z,2025-07-21T03:53:10.920Z
0feaa6ba4aba4b2498654c322f,Power Tool Belt,High-quality power tool belt suitable for cotton work. Professional grade tool for both DIY enthusiasts and professionals.,197.95,97,Placeholder,https://via.placeholder.com/800x600?text=Power%20Tool,Power Tool Belt,0feaa6ba4aba4b2498654c322f.jpg,2025-07-21T03:53:10.920Z,2025-07-21T03:53:10.920Z
22447e53e84640d0adc6f225f3,Ultra Tool Bag,High-quality ultra tool bag suitable for marble work. Professional grade tool for both DIY enthusiasts and professionals.,771.35,26,Placeholder,https://via.placeholder.com/800x600?text=Ultra%20Tool,Ultra Tool Bag,22447e53e84640d0adc6f225f3.jpg,2025-07-21T03:53:10.920Z,2025-07-21T03:53:10.920Z
b5d8d4ff2dd840c3aaf5ddc516,Rapid Router,High-quality rapid router suitable for concrete work. Professional grade tool for both DIY enthusiasts and professionals.,101.69,42,Placeholder,https://via.placeholder.com/800x600?text=Rapid%20Rout,Rapid Router,b5d8d4ff2dd840c3aaf5ddc516.jpg,2025-07-21T03:53:10.920Z,2025-07-21T03:53:10.920Z
82cc91202c164684987e9df62d,Precision Work Light,High-quality precision work light suitable for steel work. Professional grade tool for both DIY enthusiasts and professionals.,127.49,48,Placeholder,https://via.placeholder.com/800x600?text=Precision%20,Precision Work Light,82cc91202c164684987e9df62d.jpg,2025-07-21T03:53:10.920Z,2025-07-21T03:53:10.920Z
4b7c7dba7afb4dcbba045177fd,Mega Joiner,High-quality mega joiner suitable for steel work. Professional grade tool for both DIY enthusiasts and professionals.,973.95,61,Placeholder,https://via.placeholder.com/800x600?text=Mega%20Joine,Mega Joiner,4b7c7dba7afb4dcbba045177fd.jpg,2025-07-21T03:53:10.920Z,2025-07-21T03:53:10.920Z
fb511aa4fa8a44f0a4b67ae782,Xtreme Reciprocating Saw,High-quality xtreme reciprocating saw suitable for aluminum work. Professional grade tool for both DIY enthusiasts and professionals.,732.75,33,Placeholder,https://via.placeholder.com/800x600?text=Xtreme%20Rec,Xtreme Reciprocating Saw,fb511aa4fa8a44f0a4b67ae782.jpg,2025-07-21T03:53:10.920Z,2025-07-21T03:53:10.920Z
c6efc7c4e0a74149a6f72caf64,ProMax Cut-Off Tool,High-quality promax cut-off tool suitable for wooden work. Professional grade tool for both DIY enthusiasts and professionals.,442.69,84,Placeholder,https://via.placeholder.com/800x600?text=ProMax%20Cut,ProMax Cut-Off Tool,c6efc7c4e0a74149a6f72caf64.jpg,2025-07-21T03:53:10.920Z,2025-07-21T03:53:10.920Z
dd259c77ae654e5e852dbaa13a,HeavyDuty Safety Glasses,High-quality heavyduty safety glasses suitable for steel work. Professional grade tool for both DIY enthusiasts and professionals.,778.7,94,Placeholder,https://via.placeholder.com/800x600?text=HeavyDuty%20,HeavyDuty Safety Glasses,dd259c77ae654e5e852dbaa13a.jpg,2025-07-21T03:53:10.921Z,2025-07-21T03:53:10.921Z
b4f21c354df54a958953bc0a45,Turbo Flooring Nailer,High-quality turbo flooring nailer suitable for marble work. Professional grade tool for both DIY enthusiasts and professionals.,851.63,18,Placeholder,https://via.placeholder.com/800x600?text=Turbo%20Floo,Turbo Flooring Nailer,b4f21c354df54a958953bc0a45.jpg,2025-07-21T03:53:10.921Z,2025-07-21T03:53:10.921Z
87a55cec0eb94387a98aff558b,Mega Chisel Set,High-quality mega chisel set suitable for granite work. Professional grade tool for both DIY enthusiasts and professionals.,901.29,55,Placeholder,https://via.placeholder.com/800x600?text=Mega%20Chise,Mega Chisel Set,87a55cec0eb94387a98aff558b.jpg,2025-07-21T03:53:10.921Z,2025-07-21T03:53:10.921Z
58700f98ef2d4204b27317912c,Titan Post Hole Digger,High-quality titan post hole digger suitable for metal work. Professional grade tool for both DIY enthusiasts and professionals.,373.69,84,Placeholder,https://via.placeholder.com/800x600?text=Titan%20Post,Titan Post Hole Digger,58700f98ef2d4204b27317912c.jpg,2025-07-21T03:53:10.921Z,2025-07-21T03:53:10.921Z
00d802b85c6e4bbd9b08000c90,Max Soldering Iron,High-quality max soldering iron suitable for rubber work. Professional grade tool for both DIY enthusiasts and professionals.,142.19,19,Placeholder,https://via.placeholder.com/800x600?text=Max%20Solder,Max Soldering Iron,00d802b85c6e4bbd9b08000c90.jpg,2025-07-21T03:53:10.921Z,2025-07-21T03:53:10.921Z
c74db14887ec4b87a4ed094f4f,Ultra Tool Box,High-quality ultra tool box suitable for aluminum work. Professional grade tool for both DIY enthusiasts and professionals.,342.89,32,Placeholder,https://via.placeholder.com/800x600?text=Ultra%20Tool,Ultra Tool Box,c74db14887ec4b87a4ed094f4f.jpg,2025-07-21T03:53:10.921Z,2025-07-21T03:53:10.921Z
fb8435f83cad40548b9ba7bb87,ProMax Torque Wrench,High-quality promax torque wrench suitable for cotton work. Professional grade tool for both DIY enthusiasts and professionals.,365.19,51,Placeholder,https://via.placeholder.com/800x600?text=ProMax%20Tor,ProMax Torque Wrench,fb8435f83cad40548b9ba7bb87.jpg,2025-07-21T03:53:10.921Z,2025-07-21T03:53:10.921Z
914be559665d4cdf9163426051,Xtreme Ladder,High-quality xtreme ladder suitable for wooden work. Professional grade tool for both DIY enthusiasts and professionals.,969.39,76,Placeholder,https://via.placeholder.com/800x600?text=Xtreme%20Lad,Xtreme Ladder,914be559665d4cdf9163426051.jpg,2025-07-21T03:53:10.921Z,2025-07-21T03:53:10.921Z
44fa1b94d3204ecd974eb0888b,Power Glue Gun,High-quality power glue gun suitable for metal work. Professional grade tool for both DIY enthusiasts and professionals.,151.89,34,Placeholder,https://via.placeholder.com/800x600?text=Power%20Glue,Power Glue Gun,44fa1b94d3204ecd974eb0888b.jpg,2025-07-21T03:53:10.921Z,2025-07-21T03:53:10.921Z
b1f500b61bf04567ad097de513,Power Shop Vacuum,High-quality power shop vacuum suitable for ceramic work. Professional grade tool for both DIY enthusiasts and professionals.,203.95,88,Placeholder,https://via.placeholder.com/800x600?text=Power%20Shop,Power Shop Vacuum,b1f500b61bf04567ad097de513.jpg,2025-07-21T03:53:10.921Z,2025-07-21T03:53:10.921Z
eb5ba8255e3741b88ac5e39e72,Rapid Chisel Set,High-quality rapid chisel set suitable for marble work. Professional grade tool for both DIY enthusiasts and professionals.,714.28,30,Placeholder,https://via.placeholder.com/800x600?text=Rapid%20Chis,Rapid Chisel Set,eb5ba8255e3741b88ac5e39e72.jpg,2025-07-21T03:53:10.921Z,2025-07-21T03:53:10.921Z
bed9a6dd22f542cb8f44dd4fc4,Max Cut-Off Tool,High-quality max cut-off tool suitable for aluminum work. Professional grade tool for both DIY enthusiasts and professionals.,713.35,84,Placeholder,https://via.placeholder.com/800x600?text=Max%20Cut-Of,Max Cut-Off Tool,bed9a6dd22f542cb8f44dd4fc4.jpg,2025-07-21T03:53:10.921Z,2025-07-21T03:53:10.921Z
81c5421c0025491aacda4800ea,Power Ear Protector,High-quality power ear protector suitable for granite work. Professional grade tool for both DIY enthusiasts and professionals.,672.25,25,Placeholder,https://via.placeholder.com/800x600?text=Power%20Ear%20,Power Ear Protector,81c5421c0025491aacda4800ea.jpg,2025-07-21T03:53:10.921Z,2025-07-21T03:53:10.921Z
3d18da681429482dbdbbf5863a,Power Angle Finder,High-quality power angle finder suitable for rubber work. Professional grade tool for both DIY enthusiasts and professionals.,874.85,18,Placeholder,https://via.placeholder.com/800x600?text=Power%20Angl,Power Angle Finder,3d18da681429482dbdbbf5863a.jpg,2025-07-21T03:53:10.921Z,2025-07-21T03:53:10.921Z
d5506f163d664a4cb32dbc1a00,Rapid Multimeter,High-quality rapid multimeter suitable for wooden work. Professional grade tool for both DIY enthusiasts and professionals.,952.6,10,Placeholder,https://via.placeholder.com/800x600?text=Rapid%20Mult,Rapid Multimeter,d5506f163d664a4cb32dbc1a00.jpg,2025-07-21T03:53:10.921Z,2025-07-21T03:53:10.921Z
b25dac273b2149f29a649feca6,Power Planer,High-quality power planer suitable for metal work. Professional grade tool for both DIY enthusiasts and professionals.,725.6,4,Placeholder,https://via.placeholder.com/800x600?text=Power%20Plan,Power Planer,b25dac273b2149f29a649feca6.jpg,2025-07-21T03:53:10.921Z,2025-07-21T03:53:10.921Z
cf2ba3e04f7948ed96a0d34be1,Eagle Portable Generator,High-quality eagle portable generator suitable for granite work. Professional grade tool for both DIY enthusiasts and professionals.,564.59,4,Placeholder,https://via.placeholder.com/800x600?text=Eagle%20Port,Eagle Portable Generator,cf2ba3e04f7948ed96a0d34be1.jpg,2025-07-21T03:53:10.921Z,2025-07-21T03:53:10.921Z
07c3e95f4eaf4751b1a617c59d,ProMax Inverter Generator,High-quality promax inverter generator suitable for steel work. Professional grade tool for both DIY enthusiasts and professionals.,640.45,34,Placeholder,https://via.placeholder.com/800x600?text=ProMax%20Inv,ProMax Inverter Generator,07c3e95f4eaf4751b1a617c59d.jpg,2025-07-21T03:53:10.921Z,2025-07-21T03:53:10.921Z
2089d8935aa7436aa054628670,Power Respirator,High-quality power respirator suitable for granite work. Professional grade tool for both DIY enthusiasts and professionals.,404.89,68,Placeholder,https://via.placeholder.com/800x600?text=Power%20Resp,Power Respirator,2089d8935aa7436aa054628670.jpg,2025-07-21T03:53:10.921Z,2025-07-21T03:53:10.921Z
3e68089ae15344abb15f655397,Master Chain Saw,High-quality master chain saw suitable for granite work. Professional grade tool for both DIY enthusiasts and professionals.,355.55,35,Placeholder,https://via.placeholder.com/800x600?text=Master%20Cha,Master Chain Saw,3e68089ae15344abb15f655397.jpg,2025-07-21T03:53:10.921Z,2025-07-21T03:53:10.921Z
5ca6a6d8b6064a0180b3d3ac87,Ultra Lawn Mower,High-quality ultra lawn mower suitable for steel work. Professional grade tool for both DIY enthusiasts and professionals.,419.55,78,Placeholder,https://via.placeholder.com/800x600?text=Ultra%20Lawn,Ultra Lawn Mower,5ca6a6d8b6064a0180b3d3ac87.jpg,2025-07-21T03:53:10.921Z,2025-07-21T03:53:10.921Z
01b3ed5619264bf9b941c63d60,Power Laser Level,High-quality power laser level suitable for concrete work. Professional grade tool for both DIY enthusiasts and professionals.,269.55,6,Placeholder,https://via.placeholder.com/800x600?text=Power%20Lase,Power Laser Level,01b3ed5619264bf9b941c63d60.jpg,2025-07-21T03:53:10.921Z,2025-07-21T03:53:10.921Z
30f8ab291caa4f8e8011fe4a82,Master Utility Knife,High-quality master utility knife suitable for concrete work. Professional grade tool for both DIY enthusiasts and professionals.,52.05,54,Placeholder,https://via.placeholder.com/800x600?text=Master%20Uti,Master Utility Knife,30f8ab291caa4f8e8011fe4a82.jpg,2025-07-21T03:53:10.921Z,2025-07-21T03:53:10.921Z
57997db589f7470c9137fab95f,Craft Multimeter,High-quality craft multimeter suitable for wooden work. Professional grade tool for both DIY enthusiasts and professionals.,207.65,53,Placeholder,https://via.placeholder.com/800x600?text=Craft%20Mult,Craft Multimeter,57997db589f7470c9137fab95f.jpg,2025-07-21T03:53:10.922Z,2025-07-21T03:53:10.922Z
35611fd732f14ce2b0249f4116,Rapid Creeper,High-quality rapid creeper suitable for wooden work. Professional grade tool for both DIY enthusiasts and professionals.,932.75,87,Placeholder,https://via.placeholder.com/800x600?text=Rapid%20Cree,Rapid Creeper,35611fd732f14ce2b0249f4116.jpg,2025-07-21T03:53:10.922Z,2025-07-21T03:53:10.922Z
e81487c7eb754fa5b3cf7de5a8,Ultra Step Stool,High-quality ultra step stool suitable for wooden work. Professional grade tool for both DIY enthusiasts and professionals.,378.85,35,Placeholder,https://via.placeholder.com/800x600?text=Ultra%20Step,Ultra Step Stool,e81487c7eb754fa5b3cf7de5a8.jpg,2025-07-21T03:53:10.922Z,2025-07-21T03:53:10.922Z
30e3c4af7d494c3baf6b7b6b01,Power Table Saw,High-quality power table saw suitable for bamboo work. Professional grade tool for both DIY enthusiasts and professionals.,69.4,82,Placeholder,https://via.placeholder.com/800x600?text=Power%20Tabl,Power Table Saw,30e3c4af7d494c3baf6b7b6b01.jpg,2025-07-21T03:53:10.922Z,2025-07-21T03:53:10.922Z
cdccf27c13c0493f9a024e252e,Ultra Utility Knife,High-quality ultra utility knife suitable for concrete work. Professional grade tool for both DIY enthusiasts and professionals.,630.09,50,Placeholder,https://via.placeholder.com/800x600?text=Ultra%20Util,Ultra Utility Knife,cdccf27c13c0493f9a024e252e.jpg,2025-07-21T03:53:10.922Z,2025-07-21T03:53:10.922Z
712a5b4f8d184f26b16ac0321c,Ultra Engine Hoist,High-quality ultra engine hoist suitable for aluminum work. Professional grade tool for both DIY enthusiasts and professionals.,549.79,47,Placeholder,https://via.placeholder.com/800x600?text=Ultra%20Engi,Ultra Engine Hoist,712a5b4f8d184f26b16ac0321c.jpg,2025-07-21T03:53:10.922Z,2025-07-21T03:53:10.922Z
d071141f18cf4c0390bdce83c8,Power Concrete Mixer,High-quality power concrete mixer suitable for silk work. Professional grade tool for both DIY enthusiasts and professionals.,783.35,71,Placeholder,https://via.placeholder.com/800x600?text=Power%20Conc,Power Concrete Mixer,d071141f18cf4c0390bdce83c8.jpg,2025-07-21T03:53:10.922Z,2025-07-21T03:53:10.922Z
947a5d54ee804599a16a705745,Eagle Stud Finder,High-quality eagle stud finder suitable for cotton work. Professional grade tool for both DIY enthusiasts and professionals.,258.39,7,Placeholder,https://via.placeholder.com/800x600?text=Eagle%20Stud,Eagle Stud Finder,947a5d54ee804599a16a705745.jpg,2025-07-21T03:53:10.922Z,2025-07-21T03:53:10.922Z
b208d0ac85ae4a239dfa73c103,Prime Creeper,High-quality prime creeper suitable for wooden work. Professional grade tool for both DIY enthusiasts and professionals.,976.99,43,Placeholder,https://via.placeholder.com/800x600?text=Prime%20Cree,Prime Creeper,b208d0ac85ae4a239dfa73c103.jpg,2025-07-21T03:53:10.922Z,2025-07-21T03:53:10.922Z
d0fa606f15e2489ba97412dce4,Rapid Step Stool,High-quality rapid step stool suitable for steel work. Professional grade tool for both DIY enthusiasts and professionals.,472.29,92,Placeholder,https://via.placeholder.com/800x600?text=Rapid%20Step,Rapid Step Stool,d0fa606f15e2489ba97412dce4.jpg,2025-07-21T03:53:10.922Z,2025-07-21T03:53:10.922Z
4d9729decd98484f9541be7b1d,Power Electric Screwdriver,High-quality power electric screwdriver suitable for silk work. Professional grade tool for both DIY enthusiasts and professionals.,570.29,,Placeholder,https://via.placeholder.com/800x600?text=Power%20Elec,Power Electric Screwdriver,4d9729decd98484f9541be7b1d.jpg,2025-07-21T03:53:10.922Z,2025-07-21T03:53:10.922Z
e4d89646af854fb4b7f9f3d4d3,Turbo Belt Sander,High-quality turbo belt sander suitable for bamboo work. Professional grade tool for both DIY enthusiasts and professionals.,772.19,26,Placeholder,https://via.placeholder.com/800x600?text=Turbo%20Belt,Turbo Belt Sander,e4d89646af854fb4b7f9f3d4d3.jpg,2025-07-21T03:53:10.922Z,2025-07-21T03:53:10.922Z
5faae159ce7f43b5b3a0e91672,Max Chain Saw,High-quality max chain saw suitable for aluminum work. Professional grade tool for both DIY enthusiasts and professionals.,326.25,62,Placeholder,https://via.placeholder.com/800x600?text=Max%20Chain%20,Max Chain Saw,5faae159ce7f43b5b3a0e91672.jpg,2025-07-21T03:53:10.922Z,2025-07-21T03:53:10.922Z
21da8af34c254f168daf0f427d,Prime Work Bench,High-quality prime work bench suitable for granite work. Professional grade tool for both DIY enthusiasts and professionals.,669.69,99,Placeholder,https://via.placeholder.com/800x600?text=Prime%20Work,Prime Work Bench,21da8af34c254f168daf0f427d.jpg,2025-07-21T03:53:10.922Z,2025-07-21T03:53:10.922Z
fae45394d71b49e98a23b0c9bb,Eagle Work Light,High-quality eagle work light suitable for wooden work. Professional grade tool for both DIY enthusiasts and professionals.,580.29,20,Placeholder,https://via.placeholder.com/800x600?text=Eagle%20Work,Eagle Work Light,fae45394d71b49e98a23b0c9bb.jpg,2025-07-21T03:53:10.922Z,2025-07-21T03:53:10.922Z
c4cdabb8592f4521ad4a34fa85,Mega Step Stool,High-quality mega step stool suitable for plastic work. Professional grade tool for both DIY enthusiasts and professionals.,371.19,29,Placeholder,https://via.placeholder.com/800x600?text=Mega%20Step%20,Mega Step Stool,c4cdabb8592f4521ad4a34fa85.jpg,2025-07-21T03:53:10.922Z,2025-07-21T03:53:10.922Z
998684c57e1e4bbabe1f021b98,Power Jigsaw,High-quality power jigsaw suitable for granite work. Professional grade tool for both DIY enthusiasts and professionals.,451.75,57,Placeholder,https://via.placeholder.com/800x600?text=Power%20Jigs,Power Jigsaw,998684c57e1e4bbabe1f021b98.jpg,2025-07-21T03:53:10.922Z,2025-07-21T03:53:10.922Z
71d2c35ead114c2291d66de818,Precision Welding Helmet,High-quality precision welding helmet suitable for concrete work. Professional grade tool for both DIY enthusiasts and professionals.,768.79,19,Placeholder,https://via.placeholder.com/800x600?text=Precision%20,Precision Welding Helmet,71d2c35ead114c2291d66de818.jpg,2025-07-21T03:53:10.922Z,2025-07-21T03:53:10.922Z
dd4fa10f0bba46748e91e27751,Prime Digital Caliper,High-quality prime digital caliper suitable for ceramic work. Professional grade tool for both DIY enthusiasts and professionals.,845.65,66,Placeholder,https://via.placeholder.com/800x600?text=Prime%20Digi,Prime Digital Caliper,dd4fa10f0bba46748e91e27751.jpg,2025-07-21T03:53:10.922Z,2025-07-21T03:53:10.922Z
86d5aec34a8a4c11aa84531eab,Xtreme Orbital Sander,High-quality xtreme orbital sander suitable for bamboo work. Professional grade tool for both DIY enthusiasts and professionals.,43.19,,Placeholder,https://via.placeholder.com/800x600?text=Xtreme%20Orb,Xtreme Orbital Sander,86d5aec34a8a4c11aa84531eab.jpg,2025-07-21T03:53:10.922Z,2025-07-21T03:53:10.922Z
743d83f173f345128794c55355,Master Cordless Drill,High-quality master cordless drill suitable for rubber work. Professional grade tool for both DIY enthusiasts and professionals.,608.3,73,Placeholder,https://via.placeholder.com/800x600?text=Master%20Cor,Master Cordless Drill,743d83f173f345128794c55355.jpg,2025-07-21T03:53:10.922Z,2025-07-21T03:53:10.922Z
8f9279670ac34ba9881ad27252,Precision Multimeter,High-quality precision multimeter suitable for concrete work. Professional grade tool for both DIY enthusiasts and professionals.,80.39,44,Placeholder,https://via.placeholder.com/800x600?text=Precision%20,Precision Multimeter,8f9279670ac34ba9881ad27252.jpg,2025-07-21T03:53:10.922Z,2025-07-21T03:53:10.922Z
9d46e9e67f4f46128086083311,Power Chain Saw,High-quality power chain saw suitable for cotton work. Professional grade tool for both DIY enthusiasts and professionals.,850.39,93,Placeholder,https://via.placeholder.com/800x600?text=Power%20Chai,Power Chain Saw,9d46e9e67f4f46128086083311.jpg,2025-07-21T03:53:10.922Z,2025-07-21T03:53:10.922Z
d5f769e727194ff68b7f78c774,ProMax Bench Vise,High-quality promax bench vise suitable for granite work. Professional grade tool for both DIY enthusiasts and professionals.,57.75,9,Placeholder,https://via.placeholder.com/800x600?text=ProMax%20Ben,ProMax Bench Vise,d5f769e727194ff68b7f78c774.jpg,2025-07-21T03:53:10.922Z,2025-07-21T03:53:10.922Z
11b19d00f39441c4b4c3fd4968,Craft Flooring Nailer,High-quality craft flooring nailer suitable for marble work. Professional grade tool for both DIY enthusiasts and professionals.,599.69,83,Placeholder,https://via.placeholder.com/800x600?text=Craft%20Floo,Craft Flooring Nailer,11b19d00f39441c4b4c3fd4968.jpg,2025-07-21T03:53:10.922Z,2025-07-21T03:53:10.922Z
2f2fb6431e8546119a5c0f4f85,Power Pressure Washer,High-quality power pressure washer suitable for rubber work. Professional grade tool for both DIY enthusiasts and professionals.,934.1,51,Placeholder,https://via.placeholder.com/800x600?text=Power%20Pres,Power Pressure Washer,2f2fb6431e8546119a5c0f4f85.jpg,2025-07-21T03:53:10.922Z,2025-07-21T03:53:10.922Z
9c60d0f3fa6f46b0928f1cf3bf,HeavyDuty Masonry Drill Bit Set,High-quality heavyduty masonry drill bit set suitable for silk work. Professional grade tool for both DIY enthusiasts and professionals.,533.95,92,Placeholder,https://via.placeholder.com/800x600?text=HeavyDuty%20,HeavyDuty Masonry Drill Bit Set,9c60d0f3fa6f46b0928f1cf3bf.jpg,2025-07-21T03:53:10.922Z,2025-07-21T03:53:10.922Z
f6867d22961542b2bf2c677792,Titan Masonry Drill Bit Set,High-quality titan masonry drill bit set suitable for bronze work. Professional grade tool for both DIY enthusiasts and professionals.,89.39,32,Placeholder,https://via.placeholder.com/800x600?text=Titan%20Maso,Titan Masonry Drill Bit Set,f6867d22961542b2bf2c677792.jpg,2025-07-21T03:53:10.922Z,2025-07-21T03:53:10.922Z
c29dfc25b7ea4cac8b0f3c6411,ProMax Air Compressor,High-quality promax air compressor suitable for gold work. Professional grade tool for both DIY enthusiasts and professionals.,372.99,7,Placeholder,https://via.placeholder.com/800x600?text=ProMax%20Air,ProMax Air Compressor,c29dfc25b7ea4cac8b0f3c6411.jpg,2025-07-21T03:53:10.922Z,2025-07-21T03:53:10.922Z
3b5f8b69da5a49409f3ad6a03a,Prime Tool Bag,High-quality prime tool bag suitable for metal work. Professional grade tool for both DIY enthusiasts and professionals.,372.25,39,Placeholder,https://via.placeholder.com/800x600?text=Prime%20Tool,Prime Tool Bag,3b5f8b69da5a49409f3ad6a03a.jpg,2025-07-21T03:53:10.922Z,2025-07-21T03:53:10.922Z
a0df3738ccd040f5ad70f27391,Precision Socket Set,High-quality precision socket set suitable for wooden work. Professional grade tool for both DIY enthusiasts and professionals.,346.99,52,Placeholder,https://via.placeholder.com/800x600?text=Precision%20,Precision Socket Set,a0df3738ccd040f5ad70f27391.jpg,2025-07-21T03:53:10.922Z,2025-07-21T03:53:10.922Z
aba2992a18f34e80acf647dd06,Rapid Orbital Sander,High-quality rapid orbital sander suitable for rubber work. Professional grade tool for both DIY enthusiasts and professionals.,161.19,30,Placeholder,https://via.placeholder.com/800x600?text=Rapid%20Orbi,Rapid Orbital Sander,aba2992a18f34e80acf647dd06.jpg,2025-07-21T03:53:10.922Z,2025-07-21T03:53:10.922Z
328f7051d0844dfc8932cd173f,Power Inverter Generator,High-quality power inverter generator suitable for metal work. Professional grade tool for both DIY enthusiasts and professionals.,847.3,79,Placeholder,https://via.placeholder.com/800x600?text=Power%20Inve,Power Inverter Generator,328f7051d0844dfc8932cd173f.jpg,2025-07-21T03:53:10.922Z,2025-07-21T03:53:10.922Z
9048c2d48eef4835b52612aeed,Eagle Tool Bag,High-quality eagle tool bag suitable for silk work. Professional grade tool for both DIY enthusiasts and professionals.,210.74,25,Placeholder,https://via.placeholder.com/800x600?text=Eagle%20Tool,Eagle Tool Bag,9048c2d48eef4835b52612aeed.jpg,2025-07-21T03:53:10.922Z,2025-07-21T03:53:10.922Z
40949b32114848ad8b06beeea1,Mega Ear Protector,High-quality mega ear protector suitable for metal work. Professional grade tool for both DIY enthusiasts and professionals.,143.29,55,Placeholder,https://via.placeholder.com/800x600?text=Mega%20Ear%20P,Mega Ear Protector,40949b32114848ad8b06beeea1.jpg,2025-07-21T03:53:10.922Z,2025-07-21T03:53:10.922Z
774d9161a5794edeb12af67918,Titan Lawn Mower,High-quality titan lawn mower suitable for silk work. Professional grade tool for both DIY enthusiasts and professionals.,340.89,9,Placeholder,https://via.placeholder.com/800x600?text=Titan%20Lawn,Titan Lawn Mower,774d9161a5794edeb12af67918.jpg,2025-07-21T03:53:10.922Z,2025-07-21T03:53:10.922Z
9ab2f5088dda4b87a0652f27dd,Craft Leaf Blower,High-quality craft leaf blower suitable for bronze work. Professional grade tool for both DIY enthusiasts and professionals.,26.39,7,Placeholder,https://via.placeholder.com/800x600?text=Craft%20Leaf,Craft Leaf Blower,9ab2f5088dda4b87a0652f27dd.jpg,2025-07-21T03:53:10.922Z,2025-07-21T03:53:10.922Z
a3b5d6b5d5694ff880dc3fb8cb,Eagle Safety Glasses,High-quality eagle safety glasses suitable for bronze work. Professional grade tool for both DIY enthusiasts and professionals.,536.6,90,Placeholder,https://via.placeholder.com/800x600?text=Eagle%20Safe,Eagle Safety Glasses,a3b5d6b5d5694ff880dc3fb8cb.jpg,2025-07-21T03:53:10.922Z,2025-07-21T03:53:10.922Z
9ed6fd81ba754bcc897f35afc2,Master Welding Helmet,High-quality master welding helmet suitable for aluminum work. Professional grade tool for both DIY enthusiasts and professionals.,158.35,99,Placeholder,https://via.placeholder.com/800x600?text=Master%20Wel,Master Welding Helmet,9ed6fd81ba754bcc897f35afc2.jpg,2025-07-21T03:53:10.922Z,2025-07-21T03:53:10.922Z
c7caf2c812f6484c8188c29dd7,HeavyDuty Voltage Tester,High-quality heavyduty voltage tester suitable for bronze work. Professional grade tool for both DIY enthusiasts and professionals.,647.25,90,Placeholder,https://via.placeholder.com/800x600?text=HeavyDuty%20,HeavyDuty Voltage Tester,c7caf2c812f6484c8188c29dd7.jpg,2025-07-21T03:53:10.922Z,2025-07-21T03:53:10.922Z
2abb1f0a6dbd4dd79e8a1be675,Master Angle Grinder,High-quality master angle grinder suitable for rubber work. Professional grade tool for both DIY enthusiasts and professionals.,242.65,20,Placeholder,https://via.placeholder.com/800x600?text=Master%20Ang,Master Angle Grinder,2abb1f0a6dbd4dd79e8a1be675.jpg,2025-07-21T03:53:10.922Z,2025-07-21T03:53:10.922Z
1dcbfcca04e149dbb3955bee92,ProMax Tool Belt,High-quality promax tool belt suitable for rubber work. Professional grade tool for both DIY enthusiasts and professionals.,421.99,89,Placeholder,https://via.placeholder.com/800x600?text=ProMax%20Too,ProMax Tool Belt,1dcbfcca04e149dbb3955bee92.jpg,2025-07-21T03:53:10.922Z,2025-07-21T03:53:10.922Z
8c562d0f350f4dbb8148e63e61,Eagle Tool Belt,High-quality eagle tool belt suitable for bamboo work. Professional grade tool for both DIY enthusiasts and professionals.,811.15,57,Placeholder,https://via.placeholder.com/800x600?text=Eagle%20Tool,Eagle Tool Belt,8c562d0f350f4dbb8148e63e61.jpg,2025-07-21T03:53:10.922Z,2025-07-21T03:53:10.922Z
5376178ab1ad4533865c035c2e,Titan Allen Key Set,High-quality titan allen key set suitable for gold work. Professional grade tool for both DIY enthusiasts and professionals.,514.95,21,Placeholder,https://via.placeholder.com/800x600?text=Titan%20Alle,Titan Allen Key Set,5376178ab1ad4533865c035c2e.jpg,2025-07-21T03:53:10.922Z,2025-07-21T03:53:10.922Z
177ab4019a844c989750eb3338,Precision Belt Sander,High-quality precision belt sander suitable for wooden work. Professional grade tool for both DIY enthusiasts and professionals.,508.19,34,Placeholder,https://via.placeholder.com/800x600?text=Precision%20,Precision Belt Sander,177ab4019a844c989750eb3338.jpg,2025-07-21T03:53:10.922Z,2025-07-21T03:53:10.922Z
e77ef4810ac645e4b21dafe4a8,Prime Nail Gun,High-quality prime nail gun suitable for metal work. Professional grade tool for both DIY enthusiasts and professionals.,618.03,14,Placeholder,https://via.placeholder.com/800x600?text=Prime%20Nail,Prime Nail Gun,e77ef4810ac645e4b21dafe4a8.jpg,2025-07-21T03:53:10.922Z,2025-07-21T03:53:10.922Z
90e74e93ec674fa9b232e90b11,Precision Tile Cutter,High-quality precision tile cutter suitable for bamboo work. Professional grade tool for both DIY enthusiasts and professionals.,970.35,66,Placeholder,https://via.placeholder.com/800x600?text=Precision%20,Precision Tile Cutter,90e74e93ec674fa9b232e90b11.jpg,2025-07-21T03:53:10.922Z,2025-07-21T03:53:10.922Z
8bd28eb2edfc4f6a839fd38e70,Titan Angle Finder,High-quality titan angle finder suitable for concrete work. Professional grade tool for both DIY enthusiasts and professionals.,670.79,81,Placeholder,https://via.placeholder.com/800x600?text=Titan%20Angl,Titan Angle Finder,8bd28eb2edfc4f6a839fd38e70.jpg,2025-07-21T03:53:10.922Z,2025-07-21T03:53:10.922Z
e9052c6601a14d7a80b78d344c,Master Post Hole Digger,High-quality master post hole digger suitable for wooden work. Professional grade tool for both DIY enthusiasts and professionals.,348.99,91,Placeholder,https://via.placeholder.com/800x600?text=Master%20Pos,Master Post Hole Digger,e9052c6601a14d7a80b78d344c.jpg,2025-07-21T03:53:10.923Z,2025-07-21T03:53:10.923Z
d012c0667b97432c954e63dec3,Mega Tile Cutter,High-quality mega tile cutter suitable for gold work. Professional grade tool for both DIY enthusiasts and professionals.,633.77,28,Placeholder,https://via.placeholder.com/800x600?text=Mega%20Tile%20,Mega Tile Cutter,d012c0667b97432c954e63dec3.jpg,2025-07-21T03:53:10.923Z,2025-07-21T03:53:10.923Z
9b9cc080b24f4c32bc96a0d891,Rapid Hedge Trimmer,High-quality rapid hedge trimmer suitable for metal work. Professional grade tool for both DIY enthusiasts and professionals.,501.29,44,Placeholder,https://via.placeholder.com/800x600?text=Rapid%20Hedg,Rapid Hedge Trimmer,9b9cc080b24f4c32bc96a0d891.jpg,2025-07-21T03:53:10.923Z,2025-07-21T03:53:10.923Z
f5668c0d137949c6a16dd6530f,ProMax Stud Finder,High-quality promax stud finder suitable for marble work. Professional grade tool for both DIY enthusiasts and professionals.,578.99,48,Placeholder,https://via.placeholder.com/800x600?text=ProMax%20Stu,ProMax Stud Finder,f5668c0d137949c6a16dd6530f.jpg,2025-07-21T03:53:10.923Z,2025-07-21T03:53:10.923Z
69ac98ba5beb4e5ab4281cda0a,Eagle Bench Vise,High-quality eagle bench vise suitable for bamboo work. Professional grade tool for both DIY enthusiasts and professionals.,21.25,24,Placeholder,https://via.placeholder.com/800x600?text=Eagle%20Benc,Eagle Bench Vise,69ac98ba5beb4e5ab4281cda0a.jpg,2025-07-21T03:53:10.923Z,2025-07-21T03:53:10.923Z
e554dbc4a77b4dbabdb13c2547,Turbo Soldering Iron,High-quality turbo soldering iron suitable for marble work. Professional grade tool for both DIY enthusiasts and professionals.,283.95,77,Placeholder,https://via.placeholder.com/800x600?text=Turbo%20Sold,Turbo Soldering Iron,e554dbc4a77b4dbabdb13c2547.jpg,2025-07-21T03:53:10.923Z,2025-07-21T03:53:10.923Z
e49a67c855dc401bb637f01a76,Prime Angle Grinder,High-quality prime angle grinder suitable for silk work. Professional grade tool for both DIY enthusiasts and professionals.,255.19,71,Placeholder,https://via.placeholder.com/800x600?text=Prime%20Angl,Prime Angle Grinder,e49a67c855dc401bb637f01a76.jpg,2025-07-21T03:53:10.923Z,2025-07-21T03:53:10.923Z
2d5d8df9beb4449aba13a60a2a,Max Multimeter,High-quality max multimeter suitable for steel work. Professional grade tool for both DIY enthusiasts and professionals.,834.85,95,Placeholder,https://via.placeholder.com/800x600?text=Max%20Multim,Max Multimeter,2d5d8df9beb4449aba13a60a2a.jpg,2025-07-21T03:53:10.923Z,2025-07-21T03:53:10.923Z
e04de505f22a4a9da026599d9f,ProMax Cordless Drill,High-quality promax cordless drill suitable for marble work. Professional grade tool for both DIY enthusiasts and professionals.,936.15,22,Placeholder,https://via.placeholder.com/800x600?text=ProMax%20Cor,ProMax Cordless Drill,e04de505f22a4a9da026599d9f.jpg,2025-07-21T03:53:10.923Z,2025-07-21T03:53:10.923Z
e49e110d5c99488fa094c78b29,Rapid Pliers,High-quality rapid pliers suitable for wooden work. Professional grade tool for both DIY enthusiasts and professionals.,790.99,55,Placeholder,https://via.placeholder.com/800x600?text=Rapid%20Plie,Rapid Pliers,e49e110d5c99488fa094c78b29.jpg,2025-07-21T03:53:10.923Z,2025-07-21T03:53:10.923Z
0e87291d6fac4ed1ac32d9ee46,HeavyDuty Electric Screwdriver,High-quality heavyduty electric screwdriver suitable for gold work. Professional grade tool for both DIY enthusiasts and professionals.,679.04,79,Placeholder,https://via.placeholder.com/800x600?text=HeavyDuty%20,HeavyDuty Electric Screwdriver,0e87291d6fac4ed1ac32d9ee46.jpg,2025-07-21T03:53:10.923Z,2025-07-21T03:53:10.923Z
c92d0da3e22e4a069be5b29f74,Rapid Safety Glasses,High-quality rapid safety glasses suitable for bamboo work. Professional grade tool for both DIY enthusiasts and professionals.,16.69,39,Placeholder,https://via.placeholder.com/800x600?text=Rapid%20Safe,Rapid Safety Glasses,c92d0da3e22e4a069be5b29f74.jpg,2025-07-21T03:53:10.923Z,2025-07-21T03:53:10.923Z
b69e96049780489cbbc019f5ad,Prime Clamp Set,High-quality prime clamp set suitable for rubber work. Professional grade tool for both DIY enthusiasts and professionals.,934.9,16,Placeholder,https://via.placeholder.com/800x600?text=Prime%20Clam,Prime Clamp Set,b69e96049780489cbbc019f5ad.jpg,2025-07-21T03:53:10.923Z,2025-07-21T03:53:10.923Z
560b9db588b64c099a1d490b38,HeavyDuty Creeper,High-quality heavyduty creeper suitable for cotton work. Professional grade tool for both DIY enthusiasts and professionals.,981.55,37,Placeholder,https://via.placeholder.com/800x600?text=HeavyDuty%20,HeavyDuty Creeper,560b9db588b64c099a1d490b38.jpg,2025-07-21T03:53:10.923Z,2025-07-21T03:53:10.923Z
c0eb858caca5410e8f930cbc19,Prime Hex Bit Set,High-quality prime hex bit set suitable for marble work. Professional grade tool for both DIY enthusiasts and professionals.,771.69,30,Placeholder,https://via.placeholder.com/800x600?text=Prime%20Hex%20,Prime Hex Bit Set,c0eb858caca5410e8f930cbc19.jpg,2025-07-21T03:53:10.923Z,2025-07-21T03:53:10.923Z
34ddb078b3424dd0bd537ceda3,Ultra Laser Level,High-quality ultra laser level suitable for metal work. Professional grade tool for both DIY enthusiasts and professionals.,744.29,21,Placeholder,https://via.placeholder.com/800x600?text=Ultra%20Lase,Ultra Laser Level,34ddb078b3424dd0bd537ceda3.jpg,2025-07-21T03:53:10.923Z,2025-07-21T03:53:10.923Z
e62eedc30f8c45ac91beb84684,Master Paint Sprayer,High-quality master paint sprayer suitable for aluminum work. Professional grade tool for both DIY enthusiasts and professionals.,354.9,55,Placeholder,https://via.placeholder.com/800x600?text=Master%20Pai,Master Paint Sprayer,e62eedc30f8c45ac91beb84684.jpg,2025-07-21T03:53:10.923Z,2025-07-21T03:53:10.923Z
a95ba93471814f25abb1a89e16,Craft Socket Set,High-quality craft socket set suitable for plastic work. Professional grade tool for both DIY enthusiasts and professionals.,882.29,88,Placeholder,https://via.placeholder.com/800x600?text=Craft%20Sock,Craft Socket Set,a95ba93471814f25abb1a89e16.jpg,2025-07-21T03:53:10.923Z,2025-07-21T03:53:10.923Z
213153699b0b4bf0b92d0204f2,Mega Respirator,High-quality mega respirator suitable for ceramic work. Professional grade tool for both DIY enthusiasts and professionals.,304.45,3,Placeholder,https://via.placeholder.com/800x600?text=Mega%20Respi,Mega Respirator,213153699b0b4bf0b92d0204f2.jpg,2025-07-21T03:53:10.923Z,2025-07-21T03:53:10.923Z
7fa8a00343404f519894f2759f,Rapid Digital Caliper,High-quality rapid digital caliper suitable for gold work. Professional grade tool for both DIY enthusiasts and professionals.,464.29,75,Placeholder,https://via.placeholder.com/800x600?text=Rapid%20Digi,Rapid Digital Caliper,7fa8a00343404f519894f2759f.jpg,2025-07-21T03:53:10.923Z,2025-07-21T03:53:10.923Z
c2d94167ec754923b09bd0d396,Prime Ear Protector,High-quality prime ear protector suitable for rubber work. Professional grade tool for both DIY enthusiasts and professionals.,208.55,8,Placeholder,https://via.placeholder.com/800x600?text=Prime%20Ear%20,Prime Ear Protector,c2d94167ec754923b09bd0d396.jpg,2025-07-21T03:53:10.923Z,2025-07-21T03:53:10.923Z
c2da41068d6944e9b29c6ae0ab,Precision Brad Nailer,High-quality precision brad nailer suitable for ceramic work. Professional grade tool for both DIY enthusiasts and professionals.,947.89,5,Placeholder,https://via.placeholder.com/800x600?text=Precision%20,Precision Brad Nailer,c2da41068d6944e9b29c6ae0ab.jpg,2025-07-21T03:53:10.923Z,2025-07-21T03:53:10.923Z
22ce32fd2eee45fd9185bf64ed,Rapid Dust Mask,High-quality rapid dust mask suitable for cotton work. Professional grade tool for both DIY enthusiasts and professionals.,655.79,100,Placeholder,https://via.placeholder.com/800x600?text=Rapid%20Dust,Rapid Dust Mask,22ce32fd2eee45fd9185bf64ed.jpg,2025-07-21T03:53:10.923Z,2025-07-21T03:53:10.923Z
66805676dd7c40a1954a828b82,Eagle Welding Machine,High-quality eagle welding machine suitable for granite work. Professional grade tool for both DIY enthusiasts and professionals.,698.7,1,Placeholder,https://via.placeholder.com/800x600?text=Eagle%20Weld,Eagle Welding Machine,66805676dd7c40a1954a828b82.jpg,2025-07-21T03:53:10.923Z,2025-07-21T03:53:10.923Z
642b29371c194569a35f9f7962,Precision Post Hole Digger,High-quality precision post hole digger suitable for rubber work. Professional grade tool for both DIY enthusiasts and professionals.,827.79,16,Placeholder,https://via.placeholder.com/800x600?text=Precision%20,Precision Post Hole Digger,642b29371c194569a35f9f7962.jpg,2025-07-21T03:53:10.923Z,2025-07-21T03:53:10.923Z
f930636ac6ae4d5291baf433c0,Titan Utility Knife,High-quality titan utility knife suitable for concrete work. Professional grade tool for both DIY enthusiasts and professionals.,253,53,Placeholder,https://via.placeholder.com/800x600?text=Titan%20Util,Titan Utility Knife,f930636ac6ae4d5291baf433c0.jpg,2025-07-21T03:53:10.923Z,2025-07-21T03:53:10.923Z
b75ed47dd70f4057a79378a1fc,Craft Clamp Set,High-quality craft clamp set suitable for steel work. Professional grade tool for both DIY enthusiasts and professionals.,705.69,33,Placeholder,https://via.placeholder.com/800x600?text=Craft%20Clam,Craft Clamp Set,b75ed47dd70f4057a79378a1fc.jpg,2025-07-21T03:53:10.923Z,2025-07-21T03:53:10.923Z
a1ca9ae8cda64b80aeacee461b,Prime Joiner,High-quality prime joiner suitable for steel work. Professional grade tool for both DIY enthusiasts and professionals.,253.9,92,Placeholder,https://via.placeholder.com/800x600?text=Prime%20Join,Prime Joiner,a1ca9ae8cda64b80aeacee461b.jpg,2025-07-21T03:53:10.923Z,2025-07-21T03:53:10.923Z
54a6c6614d2145bbb62e0b202e,Rapid Laser Level,High-quality rapid laser level suitable for aluminum work. Professional grade tool for both DIY enthusiasts and professionals.,861.57,85,Placeholder,https://via.placeholder.com/800x600?text=Rapid%20Lase,Rapid Laser Level,54a6c6614d2145bbb62e0b202e.jpg,2025-07-21T03:53:10.923Z,2025-07-21T03:53:10.923Z
5918943d6bd54cf4bfbd6d0ce4,Xtreme Dust Mask,High-quality xtreme dust mask suitable for metal work. Professional grade tool for both DIY enthusiasts and professionals.,895.75,31,Placeholder,https://via.placeholder.com/800x600?text=Xtreme%20Dus,Xtreme Dust Mask,5918943d6bd54cf4bfbd6d0ce4.jpg,2025-07-21T03:53:10.923Z,2025-07-21T03:53:10.923Z
6884f2d1d8504417a2609e946e,Eagle Torque Wrench,High-quality eagle torque wrench suitable for aluminum work. Professional grade tool for both DIY enthusiasts and professionals.,441.59,23,Placeholder,https://via.placeholder.com/800x600?text=Eagle%20Torq,Eagle Torque Wrench,6884f2d1d8504417a2609e946e.jpg,2025-07-21T03:53:10.923Z,2025-07-21T03:53:10.923Z
31e2fa2cb6a74f51b3664e2114,Prime Lawn Mower,High-quality prime lawn mower suitable for metal work. Professional grade tool for both DIY enthusiasts and professionals.,294.29,25,Placeholder,https://via.placeholder.com/800x600?text=Prime%20Lawn,Prime Lawn Mower,31e2fa2cb6a74f51b3664e2114.jpg,2025-07-21T03:53:10.923Z,2025-07-21T03:53:10.923Z
70462d4975bf41e197244b4423,ProMax Masonry Drill Bit Set,High-quality promax masonry drill bit set suitable for silk work. Professional grade tool for both DIY enthusiasts and professionals.,578.69,,Placeholder,https://via.placeholder.com/800x600?text=ProMax%20Mas,ProMax Masonry Drill Bit Set,70462d4975bf41e197244b4423.jpg,2025-07-21T03:53:10.923Z,2025-07-21T03:53:10.923Z
83ffde8907bd492cb379a73f65,Precision Hydraulic Jack,High-quality precision hydraulic jack suitable for rubber work. Professional grade tool for both DIY enthusiasts and professionals.,85.29,6,Placeholder,https://via.placeholder.com/800x600?text=Precision%20,Precision Hydraulic Jack,83ffde8907bd492cb379a73f65.jpg,2025-07-21T03:53:10.923Z,2025-07-21T03:53:10.923Z
00450ba3323140e394b17b981d,Turbo Drywall Screw Gun,High-quality turbo drywall screw gun suitable for metal work. Professional grade tool for both DIY enthusiasts and professionals.,571.19,24,Placeholder,https://via.placeholder.com/800x600?text=Turbo%20Dryw,Turbo Drywall Screw Gun,00450ba3323140e394b17b981d.jpg,2025-07-21T03:53:10.923Z,2025-07-21T03:53:10.923Z
96b7b77c456b40919a0bd2525e,ProMax Chain Saw,High-quality promax chain saw suitable for ceramic work. Professional grade tool for both DIY enthusiasts and professionals.,887.19,69,Placeholder,https://via.placeholder.com/800x600?text=ProMax%20Cha,ProMax Chain Saw,96b7b77c456b40919a0bd2525e.jpg,2025-07-21T03:53:10.923Z,2025-07-21T03:53:10.923Z
886bc2e16e254e9eaeb4097315,Rapid Wire Cutter,High-quality rapid wire cutter suitable for rubber work. Professional grade tool for both DIY enthusiasts and professionals.,831.19,82,Placeholder,https://via.placeholder.com/800x600?text=Rapid%20Wire,Rapid Wire Cutter,886bc2e16e254e9eaeb4097315.jpg,2025-07-21T03:53:10.923Z,2025-07-21T03:53:10.923Z
568b1bf8c6d34f51a8b77a6ccf,Mega Creeper,High-quality mega creeper suitable for ceramic work. Professional grade tool for both DIY enthusiasts and professionals.,60.99,73,Placeholder,https://via.placeholder.com/800x600?text=Mega%20Creep,Mega Creeper,568b1bf8c6d34f51a8b77a6ccf.jpg,2025-07-21T03:53:10.923Z,2025-07-21T03:53:10.923Z
1b848653fb9b4759ab1709b9ce,Precision Ladder,High-quality precision ladder suitable for bronze work. Professional grade tool for both DIY enthusiasts and professionals.,989.19,75,Placeholder,https://via.placeholder.com/800x600?text=Precision%20,Precision Ladder,1b848653fb9b4759ab1709b9ce.jpg,2025-07-21T03:53:10.923Z,2025-07-21T03:53:10.923Z
6dc3c6ea0a1a408ba8447c7935,Titan Needle-Nose Pliers,High-quality titan needle-nose pliers suitable for metal work. Professional grade tool for both DIY enthusiasts and professionals.,344.15,40,Placeholder,https://via.placeholder.com/800x600?text=Titan%20Need,Titan Needle-Nose Pliers,6dc3c6ea0a1a408ba8447c7935.jpg,2025-07-21T03:53:10.923Z,2025-07-21T03:53:10.923Z
d4ab6d0b51bf469e8446975df1,Titan Tool Bag,High-quality titan tool bag suitable for silk work. Professional grade tool for both DIY enthusiasts and professionals.,441.79,72,Placeholder,https://via.placeholder.com/800x600?text=Titan%20Tool,Titan Tool Bag,d4ab6d0b51bf469e8446975df1.jpg,2025-07-21T03:53:10.923Z,2025-07-21T03:53:10.923Z
32fc7a64737c49b6a7b51aa668,Eagle Nail Gun,High-quality eagle nail gun suitable for wooden work. Professional grade tool for both DIY enthusiasts and professionals.,544.85,3,Placeholder,https://via.placeholder.com/800x600?text=Eagle%20Nail,Eagle Nail Gun,32fc7a64737c49b6a7b51aa668.jpg,2025-07-21T03:53:10.923Z,2025-07-21T03:53:10.923Z
c2c1d27be1e242e59a444aaeb9,Craft Joiner,High-quality craft joiner suitable for silk work. Professional grade tool for both DIY enthusiasts and professionals.,678.55,34,Placeholder,https://via.placeholder.com/800x600?text=Craft%20Join,Craft Joiner,c2c1d27be1e242e59a444aaeb9.jpg,2025-07-21T03:53:10.923Z,2025-07-21T03:53:10.923Z
8d7e6c38bd60402981fc8e54b1,Craft Work Light,High-quality craft work light suitable for plastic work. Professional grade tool for both DIY enthusiasts and professionals.,85.74,29,Placeholder,https://via.placeholder.com/800x600?text=Craft%20Work,Craft Work Light,8d7e6c38bd60402981fc8e54b1.jpg,2025-07-21T03:53:10.923Z,2025-07-21T03:53:10.923Z
e112b12bdfe049e3a242a845bb,Turbo Cordless Drill,High-quality turbo cordless drill suitable for steel work. Professional grade tool for both DIY enthusiasts and professionals.,331.5,53,Placeholder,https://via.placeholder.com/800x600?text=Turbo%20Cord,Turbo Cordless Drill,e112b12bdfe049e3a242a845bb.jpg,2025-07-21T03:53:10.923Z,2025-07-21T03:53:10.923Z
4ed78650476d42f9b17a1b4365,Max Needle-Nose Pliers,High-quality max needle-nose pliers suitable for granite work. Professional grade tool for both DIY enthusiasts and professionals.,446,7,Placeholder,https://via.placeholder.com/800x600?text=Max%20Needle,Max Needle-Nose Pliers,4ed78650476d42f9b17a1b4365.jpg,2025-07-21T03:53:10.923Z,2025-07-21T03:53:10.923Z
478f35d88d3e46f983de9308bb,Prime Brad Nailer,High-quality prime brad nailer suitable for gold work. Professional grade tool for both DIY enthusiasts and professionals.,941.74,93,Placeholder,https://via.placeholder.com/800x600?text=Prime%20Brad,Prime Brad Nailer,478f35d88d3e46f983de9308bb.jpg,2025-07-21T03:53:10.923Z,2025-07-21T03:53:10.923Z
2ec1d5d87c8f441980d5c2dd77,Rapid Hydraulic Jack,High-quality rapid hydraulic jack suitable for rubber work. Professional grade tool for both DIY enthusiasts and professionals.,918.09,79,Placeholder,https://via.placeholder.com/800x600?text=Rapid%20Hydr,Rapid Hydraulic Jack,2ec1d5d87c8f441980d5c2dd77.jpg,2025-07-21T03:53:10.923Z,2025-07-21T03:53:10.923Z
265940e70a9a43fbb6ba1ce254,Eagle Inverter Generator,High-quality eagle inverter generator suitable for plastic work. Professional grade tool for both DIY enthusiasts and professionals.,802.68,3,Placeholder,https://via.placeholder.com/800x600?text=Eagle%20Inve,Eagle Inverter Generator,265940e70a9a43fbb6ba1ce254.jpg,2025-07-21T03:53:10.923Z,2025-07-21T03:53:10.923Z
8804e8b0a8c7467099e8a026f4,Prime Ladder,High-quality prime ladder suitable for plastic work. Professional grade tool for both DIY enthusiasts and professionals.,767.39,52,Placeholder,https://via.placeholder.com/800x600?text=Prime%20Ladd,Prime Ladder,8804e8b0a8c7467099e8a026f4.jpg,2025-07-21T03:53:10.923Z,2025-07-21T03:53:10.923Z
bc8e303feca44766acf14988bc,Ultra Needle-Nose Pliers,High-quality ultra needle-nose pliers suitable for steel work. Professional grade tool for both DIY enthusiasts and professionals.,53.99,38,Placeholder,https://via.placeholder.com/800x600?text=Ultra%20Need,Ultra Needle-Nose Pliers,bc8e303feca44766acf14988bc.jpg,2025-07-21T03:53:10.923Z,2025-07-21T03:53:10.923Z
4bf4c52ac51141edb99f68c1e3,Titan Chain Saw,High-quality titan chain saw suitable for silk work. Professional grade tool for both DIY enthusiasts and professionals.,153.49,87,Placeholder,https://via.placeholder.com/800x600?text=Titan%20Chai,Titan Chain Saw,4bf4c52ac51141edb99f68c1e3.jpg,2025-07-21T03:53:10.923Z,2025-07-21T03:53:10.923Z
d473508a86964324938b5c8c40,Titan Battery Charger,High-quality titan battery charger suitable for bronze work. Professional grade tool for both DIY enthusiasts and professionals.,306.69,1,Placeholder,https://via.placeholder.com/800x600?text=Titan%20Batt,Titan Battery Charger,d473508a86964324938b5c8c40.jpg,2025-07-21T03:53:10.923Z,2025-07-21T03:53:10.923Z
5f6a1a8aac484decada554012c,Master Pliers,High-quality master pliers suitable for bronze work. Professional grade tool for both DIY enthusiasts and professionals.,966.89,24,Placeholder,https://via.placeholder.com/800x600?text=Master%20Pli,Master Pliers,5f6a1a8aac484decada554012c.jpg,2025-07-21T03:53:10.923Z,2025-07-21T03:53:10.923Z
928f364452aa4a7b910d0cd8d1,ProMax Oscillating Tool,High-quality promax oscillating tool suitable for aluminum work. Professional grade tool for both DIY enthusiasts and professionals.,449.89,7,Placeholder,https://via.placeholder.com/800x600?text=ProMax%20Osc,ProMax Oscillating Tool,928f364452aa4a7b910d0cd8d1.jpg,2025-07-21T03:53:10.924Z,2025-07-21T03:53:10.924Z
13c8721d9d9946b29bd057098b,ProMax Welding Helmet,High-quality promax welding helmet suitable for cotton work. Professional grade tool for both DIY enthusiasts and professionals.,872.79,40,Placeholder,https://via.placeholder.com/800x600?text=ProMax%20Wel,ProMax Welding Helmet,13c8721d9d9946b29bd057098b.jpg,2025-07-21T03:53:10.924Z,2025-07-21T03:53:10.924Z
dbcde8875a5d474e92a8a36a64,Power Masonry Drill Bit Set,High-quality power masonry drill bit set suitable for gold work. Professional grade tool for both DIY enthusiasts and professionals.,973.59,31,Placeholder,https://via.placeholder.com/800x600?text=Power%20Maso,Power Masonry Drill Bit Set,dbcde8875a5d474e92a8a36a64.jpg,2025-07-21T03:53:10.924Z,2025-07-21T03:53:10.924Z
4b3ba019f2cf415e940aade585,Prime Measuring Tape,High-quality prime measuring tape suitable for gold work. Professional grade tool for both DIY enthusiasts and professionals.,405.25,75,Placeholder,https://via.placeholder.com/800x600?text=Prime%20Meas,Prime Measuring Tape,4b3ba019f2cf415e940aade585.jpg,2025-07-21T03:53:10.924Z,2025-07-21T03:53:10.924Z
125abac19e804056b9323facda,Precision Masonry Drill Bit Set,High-quality precision masonry drill bit set suitable for gold work. Professional grade tool for both DIY enthusiasts and professionals.,189.19,95,Placeholder,https://via.placeholder.com/800x600?text=Precision%20,Precision Masonry Drill Bit Set,125abac19e804056b9323facda.jpg,2025-07-21T03:53:10.924Z,2025-07-21T03:53:10.924Z
78f60571c03a41dbb62564436b,Power Leaf Blower,High-quality power leaf blower suitable for rubber work. Professional grade tool for both DIY enthusiasts and professionals.,560.85,68,Placeholder,https://via.placeholder.com/800x600?text=Power%20Leaf,Power Leaf Blower,78f60571c03a41dbb62564436b.jpg,2025-07-21T03:53:10.924Z,2025-07-21T03:53:10.924Z
6c5509f6dbc64d32aa5f82acdd,Max Pressure Washer,High-quality max pressure washer suitable for plastic work. Professional grade tool for both DIY enthusiasts and professionals.,593.8,85,Placeholder,https://via.placeholder.com/800x600?text=Max%20Pressu,Max Pressure Washer,6c5509f6dbc64d32aa5f82acdd.jpg,2025-07-21T03:53:10.924Z,2025-07-21T03:53:10.924Z
03d44400800949319b9a911f6e,Craft Tile Cutter,High-quality craft tile cutter suitable for bamboo work. Professional grade tool for both DIY enthusiasts and professionals.,927.45,47,Placeholder,https://via.placeholder.com/800x600?text=Craft%20Tile,Craft Tile Cutter,03d44400800949319b9a911f6e.jpg,2025-07-21T03:53:10.924Z,2025-07-21T03:53:10.924Z
78f9366c0bf846bb899b448b58,Max Angle Grinder,High-quality max angle grinder suitable for bronze work. Professional grade tool for both DIY enthusiasts and professionals.,794.89,97,Placeholder,https://via.placeholder.com/800x600?text=Max%20Angle%20,Max Angle Grinder,78f9366c0bf846bb899b448b58.jpg,2025-07-21T03:53:10.924Z,2025-07-21T03:53:10.924Z
fb157e912dfd422f9b621324cb,Master Dust Mask,High-quality master dust mask suitable for plastic work. Professional grade tool for both DIY enthusiasts and professionals.,91.53,52,Placeholder,https://via.placeholder.com/800x600?text=Master%20Dus,Master Dust Mask,fb157e912dfd422f9b621324cb.jpg,2025-07-21T03:53:10.924Z,2025-07-21T03:53:10.924Z
0e5b6cebc1f447a0a00853a30b,Eagle Drywall Screw Gun,High-quality eagle drywall screw gun suitable for gold work. Professional grade tool for both DIY enthusiasts and professionals.,405.2,51,Placeholder,https://via.placeholder.com/800x600?text=Eagle%20Dryw,Eagle Drywall Screw Gun,0e5b6cebc1f447a0a00853a30b.jpg,2025-07-21T03:53:10.924Z,2025-07-21T03:53:10.924Z
64e5bff808b14007a2773cf22d,Rapid Oscillating Tool,High-quality rapid oscillating tool suitable for bamboo work. Professional grade tool for both DIY enthusiasts and professionals.,870.05,4,Placeholder,https://via.placeholder.com/800x600?text=Rapid%20Osci,Rapid Oscillating Tool,64e5bff808b14007a2773cf22d.jpg,2025-07-21T03:53:10.924Z,2025-07-21T03:53:10.924Z
01129a4a10dc4ea48dd56fe791,Ultra Caulking Gun,High-quality ultra caulking gun suitable for granite work. Professional grade tool for both DIY enthusiasts and professionals.,152.19,74,Placeholder,https://via.placeholder.com/800x600?text=Ultra%20Caul,Ultra Caulking Gun,01129a4a10dc4ea48dd56fe791.jpg,2025-07-21T03:53:10.924Z,2025-07-21T03:53:10.924Z
b8b829f1a27d456ba72eb56e84,Titan Work Bench,High-quality titan work bench suitable for bamboo work. Professional grade tool for both DIY enthusiasts and professionals.,591.59,77,Placeholder,https://via.placeholder.com/800x600?text=Titan%20Work,Titan Work Bench,b8b829f1a27d456ba72eb56e84.jpg,2025-07-21T03:53:10.924Z,2025-07-21T03:53:10.924Z
eae8422d49124e34998fa56db6,Turbo Planer,High-quality turbo planer suitable for bamboo work. Professional grade tool for both DIY enthusiasts and professionals.,226.45,49,Placeholder,https://via.placeholder.com/800x600?text=Turbo%20Plan,Turbo Planer,eae8422d49124e34998fa56db6.jpg,2025-07-21T03:53:10.924Z,2025-07-21T03:53:10.924Z
bf6ac6c87e1f475a830cee7871,ProMax Pressure Washer,High-quality promax pressure washer suitable for wooden work. Professional grade tool for both DIY enthusiasts and professionals.,288.19,26,Placeholder,https://via.placeholder.com/800x600?text=ProMax%20Pre,ProMax Pressure Washer,bf6ac6c87e1f475a830cee7871.jpg,2025-07-21T03:53:10.924Z,2025-07-21T03:53:10.924Z
d0a8f18bd0b741d1ac52feaf93,ProMax Digital Caliper,High-quality promax digital caliper suitable for ceramic work. Professional grade tool for both DIY enthusiasts and professionals.,660.59,46,Placeholder,https://via.placeholder.com/800x600?text=ProMax%20Dig,ProMax Digital Caliper,d0a8f18bd0b741d1ac52feaf93.jpg,2025-07-21T03:53:10.924Z,2025-07-21T03:53:10.924Z
f2fc662c98a444fe8eeb650f50,Power Stud Finder,High-quality power stud finder suitable for silk work. Professional grade tool for both DIY enthusiasts and professionals.,673.69,35,Placeholder,https://via.placeholder.com/800x600?text=Power%20Stud,Power Stud Finder,f2fc662c98a444fe8eeb650f50.jpg,2025-07-21T03:53:10.924Z,2025-07-21T03:53:10.924Z
58e9f7b5aae44c65a892abfbec,Titan Concrete Mixer,High-quality titan concrete mixer suitable for marble work. Professional grade tool for both DIY enthusiasts and professionals.,767.65,22,Placeholder,https://via.placeholder.com/800x600?text=Titan%20Conc,Titan Concrete Mixer,58e9f7b5aae44c65a892abfbec.jpg,2025-07-21T03:53:10.924Z,2025-07-21T03:53:10.924Z
733e1123a660436486479469ee,Turbo Impact Driver,High-quality turbo impact driver suitable for bronze work. Professional grade tool for both DIY enthusiasts and professionals.,184.05,32,Placeholder,https://via.placeholder.com/800x600?text=Turbo%20Impa,Turbo Impact Driver,733e1123a660436486479469ee.jpg,2025-07-21T03:53:10.924Z,2025-07-21T03:53:10.924Z
55acaa69557b44e38bcb6feb74,ProMax Tool Bag,High-quality promax tool bag suitable for ceramic work. Professional grade tool for both DIY enthusiasts and professionals.,168.69,52,Placeholder,https://via.placeholder.com/800x600?text=ProMax%20Too,ProMax Tool Bag,55acaa69557b44e38bcb6feb74.jpg,2025-07-21T03:53:10.924Z,2025-07-21T03:53:10.924Z
d307e3c61a3c4120acf809470a,Craft Tool Belt,High-quality craft tool belt suitable for ceramic work. Professional grade tool for both DIY enthusiasts and professionals.,912.35,76,Placeholder,https://via.placeholder.com/800x600?text=Craft%20Tool,Craft Tool Belt,d307e3c61a3c4120acf809470a.jpg,2025-07-21T03:53:10.924Z,2025-07-21T03:53:10.924Z
fa801a8f3ac64a54a709ac83e8,Craft Brad Nailer,High-quality craft brad nailer suitable for concrete work. Professional grade tool for both DIY enthusiasts and professionals.,769.99,23,Placeholder,https://via.placeholder.com/800x600?text=Craft%20Brad,Craft Brad Nailer,fa801a8f3ac64a54a709ac83e8.jpg,2025-07-21T03:53:10.924Z,2025-07-21T03:53:10.924Z
47f172441ed54156bda6b451cb,Power Dust Mask,High-quality power dust mask suitable for bronze work. Professional grade tool for both DIY enthusiasts and professionals.,224.8,9,Placeholder,https://via.placeholder.com/800x600?text=Power%20Dust,Power Dust Mask,47f172441ed54156bda6b451cb.jpg,2025-07-21T03:53:10.924Z,2025-07-21T03:53:10.924Z
8926c98c9c5d4c63b94943b8e8,ProMax Soldering Iron,High-quality promax soldering iron suitable for marble work. Professional grade tool for both DIY enthusiasts and professionals.,172.99,71,Placeholder,https://via.placeholder.com/800x600?text=ProMax%20Sol,ProMax Soldering Iron,8926c98c9c5d4c63b94943b8e8.jpg,2025-07-21T03:53:10.924Z,2025-07-21T03:53:10.924Z
95935c871cf84815a846253ca3,Prime Impact Driver,High-quality prime impact driver suitable for metal work. Professional grade tool for both DIY enthusiasts and professionals.,45.25,25,Placeholder,https://via.placeholder.com/800x600?text=Prime%20Impa,Prime Impact Driver,95935c871cf84815a846253ca3.jpg,2025-07-21T03:53:10.924Z,2025-07-21T03:53:10.924Z
5d801fb7b80a4743b2463a3fbb,ProMax Needle-Nose Pliers,High-quality promax needle-nose pliers suitable for aluminum work. Professional grade tool for both DIY enthusiasts and professionals.,832.39,93,Placeholder,https://via.placeholder.com/800x600?text=ProMax%20Nee,ProMax Needle-Nose Pliers,5d801fb7b80a4743b2463a3fbb.jpg,2025-07-21T03:53:10.924Z,2025-07-21T03:53:10.924Z
1da9468249be45fd8030332913,Mega Tool Belt,High-quality mega tool belt suitable for aluminum work. Professional grade tool for both DIY enthusiasts and professionals.,199.25,69,Placeholder,https://via.placeholder.com/800x600?text=Mega%20Tool%20,Mega Tool Belt,1da9468249be45fd8030332913.jpg,2025-07-21T03:53:10.925Z,2025-07-21T03:53:10.925Z
085769ca20ba47bea9141a097c,Turbo Angle Grinder,High-quality turbo angle grinder suitable for wooden work. Professional grade tool for both DIY enthusiasts and professionals.,555.05,92,Placeholder,https://via.placeholder.com/800x600?text=Turbo%20Angl,Turbo Angle Grinder,085769ca20ba47bea9141a097c.jpg,2025-07-21T03:53:10.925Z,2025-07-21T03:53:10.925Z
9723d3455ea245778e7ea01c3b,Max Tool Box,High-quality max tool box suitable for aluminum work. Professional grade tool for both DIY enthusiasts and professionals.,990.19,78,Placeholder,https://via.placeholder.com/800x600?text=Max%20Tool%20B,Max Tool Box,9723d3455ea245778e7ea01c3b.jpg,2025-07-21T03:53:10.925Z,2025-07-21T03:53:10.925Z
fc07ef03a39446a2911502fa72,Mega Hex Bit Set,High-quality mega hex bit set suitable for bamboo work. Professional grade tool for both DIY enthusiasts and professionals.,700.15,29,Placeholder,https://via.placeholder.com/800x600?text=Mega%20Hex%20B,Mega Hex Bit Set,fc07ef03a39446a2911502fa72.jpg,2025-07-21T03:53:10.925Z,2025-07-21T03:53:10.925Z
1d9ce7d9d23141678ff407e546,Craft Digital Caliper,High-quality craft digital caliper suitable for rubber work. Professional grade tool for both DIY enthusiasts and professionals.,330.09,88,Placeholder,https://via.placeholder.com/800x600?text=Craft%20Digi,Craft Digital Caliper,1d9ce7d9d23141678ff407e546.jpg,2025-07-21T03:53:10.925Z,2025-07-21T03:53:10.925Z
b09c0b22fd61421eac4b27acf1,Power Soldering Iron,High-quality power soldering iron suitable for marble work. Professional grade tool for both DIY enthusiasts and professionals.,779.49,82,Placeholder,https://via.placeholder.com/800x600?text=Power%20Sold,Power Soldering Iron,b09c0b22fd61421eac4b27acf1.jpg,2025-07-21T03:53:10.925Z,2025-07-21T03:53:10.925Z
afb416fbf8df473bbeb92db418,Xtreme Jump Starter,High-quality xtreme jump starter suitable for cotton work. Professional grade tool for both DIY enthusiasts and professionals.,930.05,56,Placeholder,https://via.placeholder.com/800x600?text=Xtreme%20Jum,Xtreme Jump Starter,afb416fbf8df473bbeb92db418.jpg,2025-07-21T03:53:10.925Z,2025-07-21T03:53:10.925Z
1da8d1556b004abfb04e3a573d,Power Tool Bag,High-quality power tool bag suitable for marble work. Professional grade tool for both DIY enthusiasts and professionals.,594.09,34,Placeholder,https://via.placeholder.com/800x600?text=Power%20Tool,Power Tool Bag,1da8d1556b004abfb04e3a573d.jpg,2025-07-21T03:53:10.925Z,2025-07-21T03:53:10.925Z
76ec57ed45d74f83b62fa8027c,Mega Router,High-quality mega router suitable for bronze work. Professional grade tool for both DIY enthusiasts and professionals.,161.89,15,Placeholder,https://via.placeholder.com/800x600?text=Mega%20Route,Mega Router,76ec57ed45d74f83b62fa8027c.jpg,2025-07-21T03:53:10.925Z,2025-07-21T03:53:10.925Z
e69c935cf3854d11b9e7be0b07,HeavyDuty Oscillating Tool,High-quality heavyduty oscillating tool suitable for aluminum work. Professional grade tool for both DIY enthusiasts and professionals.,584.25,41,Placeholder,https://via.placeholder.com/800x600?text=HeavyDuty%20,HeavyDuty Oscillating Tool,e69c935cf3854d11b9e7be0b07.jpg,2025-07-21T03:53:10.925Z,2025-07-21T03:53:10.925Z
477719684db64b0f90a33844d9,Turbo Pliers,High-quality turbo pliers suitable for steel work. Professional grade tool for both DIY enthusiasts and professionals.,581.25,49,Placeholder,https://via.placeholder.com/800x600?text=Turbo%20Plie,Turbo Pliers,477719684db64b0f90a33844d9.jpg,2025-07-21T03:53:10.925Z,2025-07-21T03:53:10.925Z
14838d157c924971983077844b,Max Reciprocating Saw,High-quality max reciprocating saw suitable for aluminum work. Professional grade tool for both DIY enthusiasts and professionals.,583.84,36,Placeholder,https://via.placeholder.com/800x600?text=Max%20Recipr,Max Reciprocating Saw,14838d157c924971983077844b.jpg,2025-07-21T03:53:10.925Z,2025-07-21T03:53:10.925Z
09ab68f1697b432581a7bab87a,Master Inverter Generator,High-quality master inverter generator suitable for granite work. Professional grade tool for both DIY enthusiasts and professionals.,531.35,34,Placeholder,https://via.placeholder.com/800x600?text=Master%20Inv,Master Inverter Generator,09ab68f1697b432581a7bab87a.jpg,2025-07-21T03:53:10.925Z,2025-07-21T03:53:10.925Z
08c1ecc60674497b81bf7382d6,Prime Flooring Nailer,High-quality prime flooring nailer suitable for plastic work. Professional grade tool for both DIY enthusiasts and professionals.,530.99,96,Placeholder,https://via.placeholder.com/800x600?text=Prime%20Floo,Prime Flooring Nailer,08c1ecc60674497b81bf7382d6.jpg,2025-07-21T03:53:10.925Z,2025-07-21T03:53:10.925Z
d6f0d89c111d4ab8b34b9a2d21,Titan Ladder,High-quality titan ladder suitable for rubber work. Professional grade tool for both DIY enthusiasts and professionals.,428.9,82,Placeholder,https://via.placeholder.com/800x600?text=Titan%20Ladd,Titan Ladder,d6f0d89c111d4ab8b34b9a2d21.jpg,2025-07-21T03:53:10.925Z,2025-07-21T03:53:10.925Z
dd3d3d165e4e4aecaec09de4f1,Power Wire Cutter,High-quality power wire cutter suitable for gold work. Professional grade tool for both DIY enthusiasts and professionals.,486.19,98,Placeholder,https://via.placeholder.com/800x600?text=Power%20Wire,Power Wire Cutter,dd3d3d165e4e4aecaec09de4f1.jpg,2025-07-21T03:53:10.925Z,2025-07-21T03:53:10.925Z
d8fd5896d6cc4c11a60203a075,Rapid Allen Key Set,High-quality rapid allen key set suitable for metal work. Professional grade tool for both DIY enthusiasts and professionals.,518.45,15,Placeholder,https://via.placeholder.com/800x600?text=Rapid%20Alle,Rapid Allen Key Set,d8fd5896d6cc4c11a60203a075.jpg,2025-07-21T03:53:10.925Z,2025-07-21T03:53:10.925Z
4f9d63d7946a41698d9278e186,Precision Angle Grinder,High-quality precision angle grinder suitable for granite work. Professional grade tool for both DIY enthusiasts and professionals.,926.89,97,Placeholder,https://via.placeholder.com/800x600?text=Precision%20,Precision Angle Grinder,4f9d63d7946a41698d9278e186.jpg,2025-07-21T03:53:10.925Z,2025-07-21T03:53:10.925Z
6faa725972f6435f9ba57e57d0,ProMax Flooring Nailer,High-quality promax flooring nailer suitable for wooden work. Professional grade tool for both DIY enthusiasts and professionals.,122.85,79,Placeholder,https://via.placeholder.com/800x600?text=ProMax%20Flo,ProMax Flooring Nailer,6faa725972f6435f9ba57e57d0.jpg,2025-07-21T03:53:10.925Z,2025-07-21T03:53:10.925Z
12fb0e2475fd475b973db7e5f9,Max Drywall Screw Gun,High-quality max drywall screw gun suitable for marble work. Professional grade tool for both DIY enthusiasts and professionals.,269.25,94,Placeholder,https://via.placeholder.com/800x600?text=Max%20Drywal,Max Drywall Screw Gun,12fb0e2475fd475b973db7e5f9.jpg,2025-07-21T03:53:10.925Z,2025-07-21T03:53:10.925Z
e0d36a6928ac4065ab93ca47ee,Xtreme Work Light,High-quality xtreme work light suitable for bronze work. Professional grade tool for both DIY enthusiasts and professionals.,69.1,38,Placeholder,https://via.placeholder.com/800x600?text=Xtreme%20Wor,Xtreme Work Light,e0d36a6928ac4065ab93ca47ee.jpg,2025-07-21T03:53:10.925Z,2025-07-21T03:53:10.925Z
0a98e9479f6848988c36e31321,Master Engine Hoist,High-quality master engine hoist suitable for bronze work. Professional grade tool for both DIY enthusiasts and professionals.,921.29,84,Placeholder,https://via.placeholder.com/800x600?text=Master%20Eng,Master Engine Hoist,0a98e9479f6848988c36e31321.jpg,2025-07-21T03:53:10.925Z,2025-07-21T03:53:10.925Z
83847acdbd354c62a9dcefb7ef,Precision Joiner,High-quality precision joiner suitable for gold work. Professional grade tool for both DIY enthusiasts and professionals.,931.35,55,Placeholder,https://via.placeholder.com/800x600?text=Precision%20,Precision Joiner,83847acdbd354c62a9dcefb7ef.jpg,2025-07-21T03:53:10.925Z,2025-07-21T03:53:10.925Z
ec3dda394ff44a4ab10c3bbfd9,Turbo Welding Machine,High-quality turbo welding machine suitable for rubber work. Professional grade tool for both DIY enthusiasts and professionals.,902.59,71,Placeholder,https://via.placeholder.com/800x600?text=Turbo%20Weld,Turbo Welding Machine,ec3dda394ff44a4ab10c3bbfd9.jpg,2025-07-21T03:53:10.925Z,2025-07-21T03:53:10.925Z
1b1846cd4f574c9aa0ae25f017,Turbo Measuring Tape,High-quality turbo measuring tape suitable for rubber work. Professional grade tool for both DIY enthusiasts and professionals.,231.74,49,Placeholder,https://via.placeholder.com/800x600?text=Turbo%20Meas,Turbo Measuring Tape,1b1846cd4f574c9aa0ae25f017.jpg,2025-07-21T03:53:10.925Z,2025-07-21T03:53:10.925Z
325bc9027ff24d178918890dc9,Master String Trimmer,High-quality master string trimmer suitable for granite work. Professional grade tool for both DIY enthusiasts and professionals.,358.19,33,Placeholder,https://via.placeholder.com/800x600?text=Master%20Str,Master String Trimmer,325bc9027ff24d178918890dc9.jpg,2025-07-21T03:53:10.925Z,2025-07-21T03:53:10.925Z
ea9496931ed54480a62994143d,Rapid Tile Cutter,High-quality rapid tile cutter suitable for steel work. Professional grade tool for both DIY enthusiasts and professionals.,214.35,3,Placeholder,https://via.placeholder.com/800x600?text=Rapid%20Tile,Rapid Tile Cutter,ea9496931ed54480a62994143d.jpg,2025-07-21T03:53:10.925Z,2025-07-21T03:53:10.925Z
90f3b1f888a44dc3a4ad7a6c50,Prime Leaf Blower,High-quality prime leaf blower suitable for wooden work. Professional grade tool for both DIY enthusiasts and professionals.,403.49,7,Placeholder,https://via.placeholder.com/800x600?text=Prime%20Leaf,Prime Leaf Blower,90f3b1f888a44dc3a4ad7a6c50.jpg,2025-07-21T03:53:10.925Z,2025-07-21T03:53:10.925Z
74d0d4c493ab4c29a0c4e6335e,HeavyDuty Clamp Set,High-quality heavyduty clamp set suitable for bronze work. Professional grade tool for both DIY enthusiasts and professionals.,825.29,34,Placeholder,https://via.placeholder.com/800x600?text=HeavyDuty%20,HeavyDuty Clamp Set,74d0d4c493ab4c29a0c4e6335e.jpg,2025-07-21T03:53:10.925Z,2025-07-21T03:53:10.925Z
6611d888b53043a094507949c7,Prime Oscillating Tool,High-quality prime oscillating tool suitable for aluminum work. Professional grade tool for both DIY enthusiasts and professionals.,37.79,5,Placeholder,https://via.placeholder.com/800x600?text=Prime%20Osci,Prime Oscillating Tool,6611d888b53043a094507949c7.jpg,2025-07-21T03:53:10.925Z,2025-07-21T03:53:10.925Z
13522685b05f47f0994f63854a,Ultra Electric Screwdriver,High-quality ultra electric screwdriver suitable for plastic work. Professional grade tool for both DIY enthusiasts and professionals.,228.89,20,Placeholder,https://via.placeholder.com/800x600?text=Ultra%20Elec,Ultra Electric Screwdriver,13522685b05f47f0994f63854a.jpg,2025-07-21T03:53:10.925Z,2025-07-21T03:53:10.925Z
1a80fb2a98e349e09604235d80,Rapid Planer,High-quality rapid planer suitable for concrete work. Professional grade tool for both DIY enthusiasts and professionals.,701.89,48,Placeholder,https://via.placeholder.com/800x600?text=Rapid%20Plan,Rapid Planer,1a80fb2a98e349e09604235d80.jpg,2025-07-21T03:53:10.925Z,2025-07-21T03:53:10.925Z
1a81c658f95c45568133d73baf,Ultra Jack Stand,High-quality ultra jack stand suitable for concrete work. Professional grade tool for both DIY enthusiasts and professionals.,318.25,89,Placeholder,https://via.placeholder.com/800x600?text=Ultra%20Jack,Ultra Jack Stand,1a81c658f95c45568133d73baf.jpg,2025-07-21T03:53:10.925Z,2025-07-21T03:53:10.925Z
d80a01f293714609a250644881,Eagle Belt Sander,High-quality eagle belt sander suitable for metal work. Professional grade tool for both DIY enthusiasts and professionals.,7.29,21,Placeholder,https://via.placeholder.com/800x600?text=Eagle%20Belt,Eagle Belt Sander,d80a01f293714609a250644881.jpg,2025-07-21T03:53:10.925Z,2025-07-21T03:53:10.925Z
e810eb4fb26848e49974e0b8e8,Precision Lawn Mower,High-quality precision lawn mower suitable for silk work. Professional grade tool for both DIY enthusiasts and professionals.,872.75,73,Placeholder,https://via.placeholder.com/800x600?text=Precision%20,Precision Lawn Mower,e810eb4fb26848e49974e0b8e8.jpg,2025-07-21T03:53:10.925Z,2025-07-21T03:53:10.925Z
1e83d532125241cabb4afaeb1d,Rapid Post Hole Digger,High-quality rapid post hole digger suitable for steel work. Professional grade tool for both DIY enthusiasts and professionals.,41.14,67,Placeholder,https://via.placeholder.com/800x600?text=Rapid%20Post,Rapid Post Hole Digger,1e83d532125241cabb4afaeb1d.jpg,2025-07-21T03:53:10.925Z,2025-07-21T03:53:10.925Z
b15a9cad0a454662a8e3aa87a5,Master Glue Gun,High-quality master glue gun suitable for wooden work. Professional grade tool for both DIY enthusiasts and professionals.,108.65,14,Placeholder,https://via.placeholder.com/800x600?text=Master%20Glu,Master Glue Gun,b15a9cad0a454662a8e3aa87a5.jpg,2025-07-21T03:53:10.926Z,2025-07-21T03:53:10.926Z
0cb6cd89ebc043f48a12e7da1a,Ultra Allen Key Set,High-quality ultra allen key set suitable for rubber work. Professional grade tool for both DIY enthusiasts and professionals.,72.99,91,Placeholder,https://via.placeholder.com/800x600?text=Ultra%20Alle,Ultra Allen Key Set,0cb6cd89ebc043f48a12e7da1a.jpg,2025-07-21T03:53:10.926Z,2025-07-21T03:53:10.926Z
851bed8d5a6c44889222849036,Xtreme Planer,High-quality xtreme planer suitable for bronze work. Professional grade tool for both DIY enthusiasts and professionals.,888.19,91,Placeholder,https://via.placeholder.com/800x600?text=Xtreme%20Pla,Xtreme Planer,851bed8d5a6c44889222849036.jpg,2025-07-21T03:53:10.926Z,2025-07-21T03:53:10.926Z
78e118a2f5ed476c9635ab44c2,HeavyDuty Battery Charger,High-quality heavyduty battery charger suitable for silk work. Professional grade tool for both DIY enthusiasts and professionals.,21.25,37,Placeholder,https://via.placeholder.com/800x600?text=HeavyDuty%20,HeavyDuty Battery Charger,78e118a2f5ed476c9635ab44c2.jpg,2025-07-21T03:53:10.926Z,2025-07-21T03:53:10.926Z
67fedc4fe32a419abf685d0cce,Craft Jump Starter,High-quality craft jump starter suitable for marble work. Professional grade tool for both DIY enthusiasts and professionals.,342.49,34,Placeholder,https://via.placeholder.com/800x600?text=Craft%20Jump,Craft Jump Starter,67fedc4fe32a419abf685d0cce.jpg,2025-07-21T03:53:10.926Z,2025-07-21T03:53:10.926Z
8ac0bf5be7794e0b9f9fa3ef03,Mega Leaf Blower,High-quality mega leaf blower suitable for wooden work. Professional grade tool for both DIY enthusiasts and professionals.,461.09,79,Placeholder,https://via.placeholder.com/800x600?text=Mega%20Leaf%20,Mega Leaf Blower,8ac0bf5be7794e0b9f9fa3ef03.jpg,2025-07-21T03:53:10.926Z,2025-07-21T03:53:10.926Z
dfa49b85b6b54abfb8b94074c7,HeavyDuty Belt Sander,High-quality heavyduty belt sander suitable for plastic work. Professional grade tool for both DIY enthusiasts and professionals.,911.89,55,Placeholder,https://via.placeholder.com/800x600?text=HeavyDuty%20,HeavyDuty Belt Sander,dfa49b85b6b54abfb8b94074c7.jpg,2025-07-21T03:53:10.926Z,2025-07-21T03:53:10.926Z
a125974b81d94206a823b9d673,Master Voltage Tester,High-quality master voltage tester suitable for bronze work. Professional grade tool for both DIY enthusiasts and professionals.,924.49,45,Placeholder,https://via.placeholder.com/800x600?text=Master%20Vol,Master Voltage Tester,a125974b81d94206a823b9d673.jpg,2025-07-21T03:53:10.926Z,2025-07-21T03:53:10.926Z
568a600ca9a243cdbdf43a2ca6,HeavyDuty Leaf Blower,High-quality heavyduty leaf blower suitable for rubber work. Professional grade tool for both DIY enthusiasts and professionals.,337.8,64,Placeholder,https://via.placeholder.com/800x600?text=HeavyDuty%20,HeavyDuty Leaf Blower,568a600ca9a243cdbdf43a2ca6.jpg,2025-07-21T03:53:10.926Z,2025-07-21T03:53:10.926Z
502f05a227d340acb78cee584f,Power Hammer,High-quality power hammer suitable for wooden work. Professional grade tool for both DIY enthusiasts and professionals.,99.1,12,Placeholder,https://via.placeholder.com/800x600?text=Power%20Hamm,Power Hammer,502f05a227d340acb78cee584f.jpg,2025-07-21T03:53:10.926Z,2025-07-21T03:53:10.926Z
a83dc7ae113c4e7fa169804388,Prime Hammer,High-quality prime hammer suitable for wooden work. Professional grade tool for both DIY enthusiasts and professionals.,355.75,38,Placeholder,https://via.placeholder.com/800x600?text=Prime%20Hamm,Prime Hammer,a83dc7ae113c4e7fa169804388.jpg,2025-07-21T03:53:10.926Z,2025-07-21T03:53:10.926Z
364b281641894ec3a55b033ae6,Rapid Stud Finder,High-quality rapid stud finder suitable for steel work. Professional grade tool for both DIY enthusiasts and professionals.,370.49,12,Placeholder,https://via.placeholder.com/800x600?text=Rapid%20Stud,Rapid Stud Finder,364b281641894ec3a55b033ae6.jpg,2025-07-21T03:53:10.926Z,2025-07-21T03:53:10.926Z
b92c94ce21b64952b206cb64bf,Xtreme Staple Gun,High-quality xtreme staple gun suitable for bronze work. Professional grade tool for both DIY enthusiasts and professionals.,773.35,37,Placeholder,https://via.placeholder.com/800x600?text=Xtreme%20Sta,Xtreme Staple Gun,b92c94ce21b64952b206cb64bf.jpg,2025-07-21T03:53:10.926Z,2025-07-21T03:53:10.926Z
ab6aeabfb3f04cada547ad154e,Master Cut-Off Tool,High-quality master cut-off tool suitable for rubber work. Professional grade tool for both DIY enthusiasts and professionals.,298.19,83,Placeholder,https://via.placeholder.com/800x600?text=Master%20Cut,Master Cut-Off Tool,ab6aeabfb3f04cada547ad154e.jpg,2025-07-21T03:53:10.926Z,2025-07-21T03:53:10.926Z
2ef41b8760ee4031ae387fa534,Titan Belt Sander,High-quality titan belt sander suitable for concrete work. Professional grade tool for both DIY enthusiasts and professionals.,276.39,65,Placeholder,https://via.placeholder.com/800x600?text=Titan%20Belt,Titan Belt Sander,2ef41b8760ee4031ae387fa534.jpg,2025-07-21T03:53:10.926Z,2025-07-21T03:53:10.926Z
2227744a421b441b92fd5dc90d,Ultra Pressure Washer,High-quality ultra pressure washer suitable for marble work. Professional grade tool for both DIY enthusiasts and professionals.,403.15,74,Placeholder,https://via.placeholder.com/800x600?text=Ultra%20Pres,Ultra Pressure Washer,2227744a421b441b92fd5dc90d.jpg,2025-07-21T03:53:10.926Z,2025-07-21T03:53:10.926Z
88fd5a52872746cfbf8e5c2403,Precision Rotary Tool,High-quality precision rotary tool suitable for steel work. Professional grade tool for both DIY enthusiasts and professionals.,721.95,2,Placeholder,https://via.placeholder.com/800x600?text=Precision%20,Precision Rotary Tool,88fd5a52872746cfbf8e5c2403.jpg,2025-07-21T03:53:10.926Z,2025-07-21T03:53:10.926Z
1a32e46dfc624c0d91b7e36d38,Eagle Planer,High-quality eagle planer suitable for bronze work. Professional grade tool for both DIY enthusiasts and professionals.,911,95,Placeholder,https://via.placeholder.com/800x600?text=Eagle%20Plan,Eagle Planer,1a32e46dfc624c0d91b7e36d38.jpg,2025-07-21T03:53:10.926Z,2025-07-21T03:53:10.926Z
155c3544574c444faa74061e3b,Craft Reciprocating Saw,High-quality craft reciprocating saw suitable for marble work. Professional grade tool for both DIY enthusiasts and professionals.,371.25,77,Placeholder,https://via.placeholder.com/800x600?text=Craft%20Reci,Craft Reciprocating Saw,155c3544574c444faa74061e3b.jpg,2025-07-21T03:53:10.926Z,2025-07-21T03:53:10.926Z
b7ff2cb931844583bf197929b4,HeavyDuty Inverter Generator,High-quality heavyduty inverter generator suitable for cotton work. Professional grade tool for both DIY enthusiasts and professionals.,881.09,14,Placeholder,https://via.placeholder.com/800x600?text=HeavyDuty%20,HeavyDuty Inverter Generator,b7ff2cb931844583bf197929b4.jpg,2025-07-21T03:53:10.926Z,2025-07-21T03:53:10.926Z
c1f52d3bb7524df18bdbe2181a,Eagle Needle-Nose Pliers,High-quality eagle needle-nose pliers suitable for bronze work. Professional grade tool for both DIY enthusiasts and professionals.,524.19,26,Placeholder,https://via.placeholder.com/800x600?text=Eagle%20Need,Eagle Needle-Nose Pliers,c1f52d3bb7524df18bdbe2181a.jpg,2025-07-21T03:53:10.926Z,2025-07-21T03:53:10.926Z
767aaa84fd07435e9db3ee55e6,Ultra Post Hole Digger,High-quality ultra post hole digger suitable for silk work. Professional grade tool for both DIY enthusiasts and professionals.,134.99,49,Placeholder,https://via.placeholder.com/800x600?text=Ultra%20Post,Ultra Post Hole Digger,767aaa84fd07435e9db3ee55e6.jpg,2025-07-21T03:53:10.926Z,2025-07-21T03:53:10.926Z
695a16f656194fd9964d73c8c1,Eagle Tool Box,High-quality eagle tool box suitable for granite work. Professional grade tool for both DIY enthusiasts and professionals.,793.29,96,Placeholder,https://via.placeholder.com/800x600?text=Eagle%20Tool,Eagle Tool Box,695a16f656194fd9964d73c8c1.jpg,2025-07-21T03:53:10.926Z,2025-07-21T03:53:10.926Z
452a90a373da480f948a595fb3,ProMax Multimeter,High-quality promax multimeter suitable for concrete work. Professional grade tool for both DIY enthusiasts and professionals.,298.05,54,Placeholder,https://via.placeholder.com/800x600?text=ProMax%20Mul,ProMax Multimeter,452a90a373da480f948a595fb3.jpg,2025-07-21T03:53:10.926Z,2025-07-21T03:53:10.926Z
983f761643b14f949e6a42c70c,Ultra Router,High-quality ultra router suitable for plastic work. Professional grade tool for both DIY enthusiasts and professionals.,705.05,50,Placeholder,https://via.placeholder.com/800x600?text=Ultra%20Rout,Ultra Router,983f761643b14f949e6a42c70c.jpg,2025-07-21T03:53:10.926Z,2025-07-21T03:53:10.926Z
0426f0aefc574832b577525e10,Rapid Clamp Set,High-quality rapid clamp set suitable for silk work. Professional grade tool for both DIY enthusiasts and professionals.,949.79,59,Placeholder,https://via.placeholder.com/800x600?text=Rapid%20Clam,Rapid Clamp Set,0426f0aefc574832b577525e10.jpg,2025-07-21T03:53:10.926Z,2025-07-21T03:53:10.926Z
9e39a8e38d64432d923a3ff342,Ultra Angle Finder,High-quality ultra angle finder suitable for marble work. Professional grade tool for both DIY enthusiasts and professionals.,479.8,14,Placeholder,https://via.placeholder.com/800x600?text=Ultra%20Angl,Ultra Angle Finder,9e39a8e38d64432d923a3ff342.jpg,2025-07-21T03:53:10.926Z,2025-07-21T03:53:10.926Z
c9c96fc3fa9e4e178c92551933,Max Digital Caliper,High-quality max digital caliper suitable for cotton work. Professional grade tool for both DIY enthusiasts and professionals.,165.89,57,Placeholder,https://via.placeholder.com/800x600?text=Max%20Digita,Max Digital Caliper,c9c96fc3fa9e4e178c92551933.jpg,2025-07-21T03:53:10.926Z,2025-07-21T03:53:10.926Z
bf3267821d0e49b884cd1f3e45,Master Ratchet,High-quality master ratchet suitable for plastic work. Professional grade tool for both DIY enthusiasts and professionals.,115.1,92,Placeholder,https://via.placeholder.com/800x600?text=Master%20Rat,Master Ratchet,bf3267821d0e49b884cd1f3e45.jpg,2025-07-21T03:53:10.926Z,2025-07-21T03:53:10.926Z
072213b98899499da24d9b71c9,HeavyDuty Jack Stand,High-quality heavyduty jack stand suitable for wooden work. Professional grade tool for both DIY enthusiasts and professionals.,441.69,38,Placeholder,https://via.placeholder.com/800x600?text=HeavyDuty%20,HeavyDuty Jack Stand,072213b98899499da24d9b71c9.jpg,2025-07-21T03:53:10.926Z,2025-07-21T03:53:10.926Z
60be8f4aae0d46938376baa4d6,Turbo Hedge Trimmer,High-quality turbo hedge trimmer suitable for cotton work. Professional grade tool for both DIY enthusiasts and professionals.,704.59,17,Placeholder,https://via.placeholder.com/800x600?text=Turbo%20Hedg,Turbo Hedge Trimmer,60be8f4aae0d46938376baa4d6.jpg,2025-07-21T03:53:10.926Z,2025-07-21T03:53:10.926Z
f863fc53dca0478b9e5f8823f3,Prime Cordless Drill,High-quality prime cordless drill suitable for silk work. Professional grade tool for both DIY enthusiasts and professionals.,381.8,85,Placeholder,https://via.placeholder.com/800x600?text=Prime%20Cord,Prime Cordless Drill,f863fc53dca0478b9e5f8823f3.jpg,2025-07-21T03:53:10.926Z,2025-07-21T03:53:10.926Z
6a3aa7f1b7224aabb4b5cb132a,Titan Shop Vacuum,High-quality titan shop vacuum suitable for gold work. Professional grade tool for both DIY enthusiasts and professionals.,222.05,6,Placeholder,https://via.placeholder.com/800x600?text=Titan%20Shop,Titan Shop Vacuum,6a3aa7f1b7224aabb4b5cb132a.jpg,2025-07-21T03:53:10.926Z,2025-07-21T03:53:10.926Z
8b59e0e60feb467ca958595006,Power Voltage Tester,High-quality power voltage tester suitable for steel work. Professional grade tool for both DIY enthusiasts and professionals.,342.19,10,Placeholder,https://via.placeholder.com/800x600?text=Power%20Volt,Power Voltage Tester,8b59e0e60feb467ca958595006.jpg,2025-07-21T03:53:10.926Z,2025-07-21T03:53:10.926Z
42299cd8fd2f404994d01d43ef,Rapid Hammer,High-quality rapid hammer suitable for silk work. Professional grade tool for both DIY enthusiasts and professionals.,589.45,88,Placeholder,https://via.placeholder.com/800x600?text=Rapid%20Hamm,Rapid Hammer,42299cd8fd2f404994d01d43ef.jpg,2025-07-21T03:53:10.926Z,2025-07-21T03:53:10.926Z
6cb9c97f5d4143b69398a97cee,Power Lawn Mower,High-quality power lawn mower suitable for concrete work. Professional grade tool for both DIY enthusiasts and professionals.,195.45,80,Placeholder,https://via.placeholder.com/800x600?text=Power%20Lawn,Power Lawn Mower,6cb9c97f5d4143b69398a97cee.jpg,2025-07-21T03:53:10.926Z,2025-07-21T03:53:10.926Z
667bc1f3873344e8aa92a29b08,Power Orbital Sander,High-quality power orbital sander suitable for aluminum work. Professional grade tool for both DIY enthusiasts and professionals.,706.39,53,Placeholder,https://via.placeholder.com/800x600?text=Power%20Orbi,Power Orbital Sander,667bc1f3873344e8aa92a29b08.jpg,2025-07-21T03:53:10.926Z,2025-07-21T03:53:10.926Z
f31ebce231e043e2b9f2db4e60,Ultra Hedge Trimmer,High-quality ultra hedge trimmer suitable for wooden work. Professional grade tool for both DIY enthusiasts and professionals.,182.09,35,Placeholder,https://via.placeholder.com/800x600?text=Ultra%20Hedg,Ultra Hedge Trimmer,f31ebce231e043e2b9f2db4e60.jpg,2025-07-21T03:53:10.926Z,2025-07-21T03:53:10.926Z
20cfbe3a90db4d63b7f83cd1de,Titan Digital Caliper,High-quality titan digital caliper suitable for concrete work. Professional grade tool for both DIY enthusiasts and professionals.,248.75,83,Placeholder,https://via.placeholder.com/800x600?text=Titan%20Digi,Titan Digital Caliper,20cfbe3a90db4d63b7f83cd1de.jpg,2025-07-21T03:53:10.926Z,2025-07-21T03:53:10.926Z
9a1bc3f9db5a43de812caa17f7,Titan Glue Gun,High-quality titan glue gun suitable for marble work. Professional grade tool for both DIY enthusiasts and professionals.,111.39,37,Placeholder,https://via.placeholder.com/800x600?text=Titan%20Glue,Titan Glue Gun,9a1bc3f9db5a43de812caa17f7.jpg,2025-07-21T03:53:10.926Z,2025-07-21T03:53:10.926Z
2831dc39fec545419cd7f269ac,ProMax Battery Charger,High-quality promax battery charger suitable for plastic work. Professional grade tool for both DIY enthusiasts and professionals.,670.57,38,Placeholder,https://via.placeholder.com/800x600?text=ProMax%20Bat,ProMax Battery Charger,2831dc39fec545419cd7f269ac.jpg,2025-07-21T03:53:10.926Z,2025-07-21T03:53:10.926Z
569aa1fccc904a5ba730e02ad4,Titan Brad Nailer,High-quality titan brad nailer suitable for marble work. Professional grade tool for both DIY enthusiasts and professionals.,820.05,73,Placeholder,https://via.placeholder.com/800x600?text=Titan%20Brad,Titan Brad Nailer,569aa1fccc904a5ba730e02ad4.jpg,2025-07-21T03:53:10.927Z,2025-07-21T03:53:10.927Z
56f1694ef4464c7f9f39dac729,Eagle Impact Driver,High-quality eagle impact driver suitable for wooden work. Professional grade tool for both DIY enthusiasts and professionals.,815.29,53,Placeholder,https://via.placeholder.com/800x600?text=Eagle%20Impa,Eagle Impact Driver,56f1694ef4464c7f9f39dac729.jpg,2025-07-21T03:53:10.927Z,2025-07-21T03:53:10.927Z
1af266fb8c494546b0aae3b4d1,Rapid Bench Vise,High-quality rapid bench vise suitable for wooden work. Professional grade tool for both DIY enthusiasts and professionals.,534.25,36,Placeholder,https://via.placeholder.com/800x600?text=Rapid%20Benc,Rapid Bench Vise,1af266fb8c494546b0aae3b4d1.jpg,2025-07-21T03:53:10.927Z,2025-07-21T03:53:10.927Z
18fc61a9b62644439b79292386,Eagle Concrete Mixer,High-quality eagle concrete mixer suitable for wooden work. Professional grade tool for both DIY enthusiasts and professionals.,96.2,68,Placeholder,https://via.placeholder.com/800x600?text=Eagle%20Conc,Eagle Concrete Mixer,18fc61a9b62644439b79292386.jpg,2025-07-21T03:53:10.927Z,2025-07-21T03:53:10.927Z
8ddb77dcabc54dd3b0cbd5e27c,HeavyDuty Hydraulic Jack,High-quality heavyduty hydraulic jack suitable for metal work. Professional grade tool for both DIY enthusiasts and professionals.,147.29,39,Placeholder,https://via.placeholder.com/800x600?text=HeavyDuty%20,HeavyDuty Hydraulic Jack,8ddb77dcabc54dd3b0cbd5e27c.jpg,2025-07-21T03:53:10.927Z,2025-07-21T03:53:10.927Z
5f7cdb3270c54dc391d9ad5de1,Mega Tool Bag,High-quality mega tool bag suitable for bronze work. Professional grade tool for both DIY enthusiasts and professionals.,636.59,64,Placeholder,https://via.placeholder.com/800x600?text=Mega%20Tool%20,Mega Tool Bag,5f7cdb3270c54dc391d9ad5de1.jpg,2025-07-21T03:53:10.927Z,2025-07-21T03:53:10.927Z
46c5fc96a008431b83cb017d1d,Titan Drywall Screw Gun,High-quality titan drywall screw gun suitable for granite work. Professional grade tool for both DIY enthusiasts and professionals.,199.49,90,Placeholder,https://via.placeholder.com/800x600?text=Titan%20Dryw,Titan Drywall Screw Gun,46c5fc96a008431b83cb017d1d.jpg,2025-07-21T03:53:10.927Z,2025-07-21T03:53:10.927Z
95b8f6986642422886f27b30a8,Power Drywall Screw Gun,High-quality power drywall screw gun suitable for concrete work. Professional grade tool for both DIY enthusiasts and professionals.,201.09,35,Placeholder,https://via.placeholder.com/800x600?text=Power%20Dryw,Power Drywall Screw Gun,95b8f6986642422886f27b30a8.jpg,2025-07-21T03:53:10.927Z,2025-07-21T03:53:10.927Z
8e9a774543924811a3c48df16e,Craft Hedge Trimmer,High-quality craft hedge trimmer suitable for steel work. Professional grade tool for both DIY enthusiasts and professionals.,721.15,34,Placeholder,https://via.placeholder.com/800x600?text=Craft%20Hedg,Craft Hedge Trimmer,8e9a774543924811a3c48df16e.jpg,2025-07-21T03:53:10.927Z,2025-07-21T03:53:10.927Z
